CREATE DATABASE DB_BANDIENTHOAI_DONGHO;
USE DB_BANDIENTHOAI_DONGHO;
#Bang loai san pham
CREATE TABLE LOAI_SAN_PHAM
(
ID_LSP INT NOT NULL AUTO_INCREMENT,
TEN_LSP VARCHAR (500) NOT NULL,
DONG_SP VARCHAR (100) NOT NULL,
PHAN_KHUC VARCHAR (100) NOT NULL,
PRIMARY KEY (ID_LSP)
)ENGINE = InnoDB DEFAULT CHARSET=utf8mb4;
#Bang nha cung cap
CREATE TABLE NHA_CUNG_CAP
(
ID_NCC INT NOT NULL AUTO_INCREMENT,
TEN_NHA_CUNG_CAP VARCHAR (5000) NOT NULL,
DIA_CHI VARCHAR (1000) NOT NULL,
EMAIL VARCHAR (1000) NOT NULL,
SO_DIEN_THOAI INT NOT NULL,
PRIMARY KEY (ID_NCC)
)ENGINE = InnoDB DEFAULT CHARSET=utf8mb4;
#bang nha san xuat
CREATE TABLE NHA_SAN_XUAT
(
ID_NSX INT NOT NULL AUTO_INCREMENT,
LOGO VARCHAR(200) NULL,
TEN_NHA_SAN_XUAT VARCHAR (5000) NOT NULL,
DIA_CHI VARCHAR (1000) NOT NULL,
EMAIL VARCHAR (1000) NOT NULL,
SO_DIEN_THOAI INT NOT NULL,
PRIMARY KEY (ID_NSX)
)ENGINE = InnoDB DEFAULT CHARSET=utf8mb4;
#bang san pham
CREATE TABLE SAN_PHAM
(
ID_SP INT NOT NULL AUTO_INCREMENT,
TEN_SAN_PHAM VARCHAR (500) NOT NULL,
DEMO INT NOT NULL,
GIA_NIEM_YET DOUBLE NOT NULL,
SALE VARCHAR (10) NOT NULL,
GIA_BAN  DOUBLE NOT NULL,
NGAY_CAP_NHAT DATETIME NULL,
NAM_SAN_XUAT YEAR NULL,
XUAT_XU VARCHAR (50) NOT NULL,
NOI_SAN_XUAT VARCHAR (200) NOT NULL,
THONG_SO_KY_THUAT TEXT NULL,
GIOI_THIEU_CHUNG TEXT NULL,
TIEU_DE_1 TEXT NULL,
MO_TA_CT1 TEXT NULL,
TIEU_DE_2 TEXT NULL,
MO_TA_CT2 TEXT NULL,
TIEU_DE_3 TEXT NULL,
MO_TA_CT3 TEXT NULL,
HINH_ANH_1 VARCHAR(200) NULL,
SO_LUONG INT NOT NULL,
ID_NCC INT NOT NULL,
ID_NSX INT NOT NULL,
ID_LSP INT NOT NULL,
TINH_TRANG VARCHAR(100) NOT NULL,
PRIMARY KEY (ID_SP),
FOREIGN KEY (ID_NCC) REFERENCES NHA_CUNG_CAP(ID_NCC),
FOREIGN KEY (ID_NSX) REFERENCES NHA_SAN_XUAT(ID_NSX),
FOREIGN KEY (ID_LSP) REFERENCES LOAI_SAN_PHAM(ID_LSP)
)ENGINE = InnoDB DEFAULT CHARSET=utf8mb4;
#bang phieu nhap
CREATE TABLE PHIEU_NHAP
(
ID_PN INT NOT NULL AUTO_INCREMENT,
ID_NCC INT NOT NULL,
NGAY_NHAP DATETIME NOT NULL,
DON_GIA_NHAP DECIMAL (20) NOT NULL,
SO_LUONG_NHAP INT NOT NULL,
TINH_TRANG VARCHAR(100) NOT NULL,
PRIMARY KEY (ID_PN),
FOREIGN KEY (ID_NCC) REFERENCES NHA_CUNG_CAP(ID_NCC)
)ENGINE = InnoDB DEFAULT CHARSET=utf8mb4;
#bang loai thanh vien
CREATE TABLE LOAI_THANH_VIEN
(
ID_LTV INT NOT NULL AUTO_INCREMENT,
TEN_LOAI_THANH_VIEN VARCHAR(200) NOT NULL,
UU_DAI VARCHAR(20) NOT NULL,
PRIMARY KEY (ID_LTV)
)ENGINE = InnoDB DEFAULT CHARSET=utf8mb4;
#bang thanh vien
CREATE TABLE THANH_VIEN
(
ID_TV INT NOT NULL AUTO_INCREMENT,
TEN_TAI_KHOAN VARCHAR (300) NOT NULL,
MAT_KHAU VARCHAR (20) NOT NULL,
TEN_THANH_VIEN VARCHAR(200) NOT NULL,
DIA_CHI VARCHAR(200) NOT NULL,
EMAIL VARCHAR(200) NOT NULL,
ID_LTV INT NOT NULL,
PRIMARY KEY (ID_TV),
FOREIGN KEY (ID_LTV) REFERENCES LOAI_THANH_VIEN(ID_LTV)
)ENGINE = InnoDB DEFAULT CHARSET=utf8mb4;
#bang khach hang
CREATE TABLE KHACH_HANG
(
ID_KH INT NOT NULL AUTO_INCREMENT,
TEN_KHACH_HANG VARCHAR(200) NOT NULL,
DIA_CHI VARCHAR (200) NOT NULL,
EMAIL VARCHAR (200) NOT NULL,
SO_DIEN_THOAI INT NOT NULL,
ID_TV INT,
PRIMARY KEY (ID_KH),
FOREIGN KEY (ID_TV) REFERENCES THANH_VIEN(ID_TV)
)ENGINE = InnoDB DEFAULT CHARSET=utf8mb4;
#bang don dat hang
CREATE TABLE DON_DAT_HANG
(
ID_DDH INT NOT NULL AUTO_INCREMENT,
ID_KH INT NOT NULL,
NGAY_DAT DATETIME NOT NULL,
TONG_TIEN DOUBLE NOT NULL,
TRA_TIEN INT NOT NULL,
TINH_TRANG INT NULL,
PRIMARY KEY (ID_DDH),
FOREIGN KEY (ID_KH) REFERENCES KHACH_HANG(ID_KH)
)ENGINE = InnoDB DEFAULT CHARSET=utf8mb4;
#chi tiết đon dat hang
CREATE TABLE CHITIET_DDH
(
ID_CTDDH INT NOT NULL AUTO_INCREMENT,
ID_DDH INT NOT NULL,
ID_SP INT NOT NULL,
SO_LUONG INT NOT NULL,
GIA_BAN DOUBLE NOT NULL,
PRIMARY KEY (ID_CTDDH),
FOREIGN KEY (ID_DDH) REFERENCES DON_DAT_HANG(ID_DDH),
FOREIGN KEY (ID_SP) REFERENCES SAN_PHAM(ID_SP)
)ENGINE = InnoDB DEFAULT CHARSET=utf8mb4;

#bang slide hinh anh
CREATE TABLE SLIDE_HINHANH
(
ID_HINHANH INT NOT NULL AUTO_INCREMENT,
TEN_HINH_ANH VARCHAR (200) NOT NULL,
HINH_ANH VARCHAR(200) NOT NULL,
PRIMARY KEY (ID_HINHANH)
)ENGINE = InnoDB DEFAULT CHARSET=utf8mb4;
#bang vai tro
CREATE TABLE VAI_TRO
(
ID_VT INT NOT NULL,
TEN_LOAI_THANH_VIEN VARCHAR (200) NOT NULL,
VAI_TRO VARCHAR (100) NOT NULL,
ID_LTV INT NOT NULL,
PRIMARY KEY (ID_VT),
FOREIGN KEY (ID_LTV) REFERENCES LOAI_THANH_VIEN(ID_LTV)
)ENGINE = InnoDB DEFAULT CHARSET=utf8mb4;
#bang danh muc#
#drop table danh_muc;
CREATE TABLE DANH_MUC
(
ID_DM INT NOT NULL,
TEN_DANH_MUC VARCHAR (200) NOT NULL,
ID_NSX INT,
ID_NCC INT,
PRIMARY KEY (ID_DM),
FOREIGN KEY (ID_NSX) REFERENCES NHA_SAN_XUAT(ID_NSX),
FOREIGN KEY (ID_NCC) REFERENCES NHA_CUNG_CAP(ID_NCC)
)ENGINE = InnoDB DEFAULT CHARSET=utf8mb4;

#1.chen du lieu vao bang slide_hinhanh
insert into slide_hinhanh(ten_hinh_anh,hinh_anh) values ('Iphone 11 16gb đỏ','iphone-11-(1).jpg');
insert into slide_hinhanh(ten_hinh_anh,hinh_anh) values ('Iphone 11 Pro max 512gb','iphone-11-pro-max.jpg');
insert into slide_hinhanh(ten_hinh_anh,hinh_anh) values ('Iphone xs max','iphone-xs-max.png');
insert into slide_hinhanh(ten_hinh_anh,hinh_anh) values ('Samsung galaxy fold đen ','samsung-galaxy-fold-black.jpg');
insert into slide_hinhanh(ten_hinh_anh,hinh_anh) values ('Sam sung galaxy z-flip đen','samsung-galaxy-z-flip.jpg');
#2.chen du lieu vao bang loai_sap_pham
insert into loai_san_pham(ten_lsp, dong_sp, phan_khuc) values ('Smartphone Iphone','Iphone X','Cao cấp');
insert into loai_san_pham(ten_lsp, dong_sp, phan_khuc) values ('Smartphone Iphone','Iphone 11','Cao cấp');
insert into loai_san_pham(ten_lsp, dong_sp, phan_khuc) values ('Smartphone Iphone','Iphone Xs','Cao cấp');
insert into loai_san_pham(ten_lsp, dong_sp, phan_khuc) values ('Smartphone Iphone','Iphone 8','Tầm trung');
insert into loai_san_pham(ten_lsp, dong_sp, phan_khuc) values ('Smartphone Iphone','Iphone 7','Tầm trung');
#------
insert into loai_san_pham(ten_lsp, dong_sp, phan_khuc) values ('Smartphone Samsung','Galaxy S','Cao cấp');
insert into loai_san_pham(ten_lsp, dong_sp, phan_khuc) values ('Smartphone Samsung','Galaxy Note','Cao cấp');
insert into loai_san_pham(ten_lsp, dong_sp, phan_khuc) values ('Smartphone Samsung','Galaxy A','Tầm trung');
insert into loai_san_pham(ten_lsp, dong_sp, phan_khuc) values ('Smartphone Samsung','Galaxy A','Bình dân');
#-------
insert into loai_san_pham(ten_lsp, dong_sp, phan_khuc) values ('Smartphone Vsmart','Vsmart Active','Tầm trung');
insert into loai_san_pham(ten_lsp, dong_sp, phan_khuc) values ('Smartphone Vsmart','Vsmart Joy','Bình dân');
insert into loai_san_pham(ten_lsp, dong_sp, phan_khuc) values ('Smartphone Vsmart','Vsmart Star','Bình dân');
insert into loai_san_pham(ten_lsp, dong_sp, phan_khuc) values ('Smartphone Vsmart','Vsmart Bee','Bình dân');
#------
insert into loai_san_pham(ten_lsp, dong_sp, phan_khuc) values ('Smartphone Xiaomi','Xiaomi Note','Cao cấp');
insert into loai_san_pham(ten_lsp, dong_sp, phan_khuc) values ('Smartphone Xiaomi','Xiaomi Mi','Tầm trung');
insert into loai_san_pham(ten_lsp, dong_sp, phan_khuc) values ('Smartphone Xiaomi','Xiaomi Redmi Note','Tầm trung');
insert into loai_san_pham(ten_lsp, dong_sp, phan_khuc) values ('Smartphone Xiaomi','Xiaomi Redmi','Bình dân');
#------
insert into loai_san_pham(ten_lsp, dong_sp, phan_khuc) values ('Smartphone Oppo','Find','Cao cấp');
insert into loai_san_pham(ten_lsp, dong_sp, phan_khuc) values ('Smartphone Oppo','Reno','Cao cấp');
insert into loai_san_pham(ten_lsp, dong_sp, phan_khuc) values ('Smartphone Oppo','A','Tầm trung');
insert into loai_san_pham(ten_lsp, dong_sp, phan_khuc) values ('Smartphone Oppo','A','Bình dân');
#------
insert into loai_san_pham(ten_lsp, dong_sp, phan_khuc) values ('Smartphone Realme','Realme 6','Tầm trung');
insert into loai_san_pham(ten_lsp, dong_sp, phan_khuc) values ('Smartphone Realme','Realme 5','Tầm trung');
insert into loai_san_pham(ten_lsp, dong_sp, phan_khuc) values ('Smartphone Realme','Realme 5','Bình dân');
insert into loai_san_pham(ten_lsp, dong_sp, phan_khuc) values ('Smartphone Realme','Realme C','Bình dân');
#-------
insert into loai_san_pham(ten_lsp, dong_sp, phan_khuc) values ('Smartphone Huawei','Huawei Mate','Cao cấp');
insert into loai_san_pham(ten_lsp, dong_sp, phan_khuc) values ('Smartphone Huawei','Huawei P','Cao cấp');
insert into loai_san_pham(ten_lsp, dong_sp, phan_khuc) values ('Smartphone Huawei','Huawei Nova','Tầm trung');
insert into loai_san_pham(ten_lsp, dong_sp, phan_khuc) values ('Smartphone Huawei','Huawei P','Tầm trung');
insert into loai_san_pham(ten_lsp, dong_sp, phan_khuc) values ('Smartphone Huawei','Huawei Y ','Tầm trung');
insert into loai_san_pham(ten_lsp, dong_sp, phan_khuc) values ('Smartphone Huawei','Huawei Y','Bình dân');
insert into loai_san_pham(ten_lsp, dong_sp, phan_khuc) values ('Smartphone Huawei','Huawei Nova','Bình dân');

#------
insert into loai_san_pham(ten_lsp, dong_sp, phan_khuc) values ('Đồng hồ thời trang Casio','Đồng hồ chạy pin','Tầm trung');
insert into loai_san_pham(ten_lsp, dong_sp, phan_khuc) values ('Đồng hồ thời trang Casio','Đồng hồ chạy pin','Bình dân');
#------
insert into loai_san_pham(ten_lsp, dong_sp, phan_khuc) values ('Đồng hồ thời trang Orient','Đồng hồ cơ','Tầm trung');
insert into loai_san_pham(ten_lsp, dong_sp, phan_khuc) values ('Đồng hồ thời trang Orient','Đồng hồ chạy pin','Tầm trung');
insert into loai_san_pham(ten_lsp, dong_sp, phan_khuc) values ('Đồng hồ thời trang Orient','Đồng hồ chạy pin','Bình dân');
#------
insert into loai_san_pham(ten_lsp, dong_sp, phan_khuc) values ('Đồng hồ thời trang Citizen','Đồng hồ cơ','Tầm trung');
insert into loai_san_pham(ten_lsp, dong_sp, phan_khuc) values ('Đồng hồ thời trang Citizen','Đồng hồ chạy pin','Tầm trung');
insert into loai_san_pham(ten_lsp, dong_sp, phan_khuc) values ('Đồng hồ thời trang Citizen','Đồng hồ chạy pin','Bình dân');
#3. Chen du lieu vao bang nha cung cap
insert into nha_cung_cap(ten_nha_cung_cap, dia_chi, email, so_dien_thoai) values('Apple','Trịnh Châu - Hà Nam - Trung Quốc','applecn@yahoo.com','08467895'); 
insert into nha_cung_cap(ten_nha_cung_cap, dia_chi, email, so_dien_thoai) values('Samsung','Yên Phong - Bắc Ninh - Việt Nam','samsungvietnam@gmail.com','0986541242');
insert into nha_cung_cap(ten_nha_cung_cap, dia_chi, email, so_dien_thoai) values('Vsmart','Cát Hải - Hải Phòng - Việt Nam','vsmarthaiphong@gmail.com','0978456123');
insert into nha_cung_cap(ten_nha_cung_cap, dia_chi, email, so_dien_thoai) values('Xiaomi','Hải Điến - Bắc Kinh - Trung Quốc','xiaomi@yahoo.com','08467896'); 
insert into nha_cung_cap(ten_nha_cung_cap, dia_chi, email, so_dien_thoai) values('Oppo','Đông Hoản - Đông Hoản - Trung Quốc','Oppoinc@yahoo.com','08467884'); 
insert into nha_cung_cap(ten_nha_cung_cap, dia_chi, email, so_dien_thoai) values('Realme','Thâm Quyến - Quảng Đông - Trung Quốc','Realmephone@yahoo.com','08467125'); 
insert into nha_cung_cap(ten_nha_cung_cap, dia_chi, email, so_dien_thoai) values('Huawei','Thâm Quyến - Quảng Đông - Trung Quốc','Huawei_cn@yahoo.com','08467895'); 
insert into nha_cung_cap(ten_nha_cung_cap, dia_chi, email, so_dien_thoai) values('Casio',' Shibuya - Tokyo - Nhật Bản','casio_jp@yahoo.com','07462295'); 
insert into nha_cung_cap(ten_nha_cung_cap, dia_chi, email, so_dien_thoai) values('Orient','Shinjuku - Tokyo - Nhật Bản','orient_jp@yahoo.com','082177895'); 
insert into nha_cung_cap(ten_nha_cung_cap, dia_chi, email, so_dien_thoai) values('Citizen',' Nishitokyo - Tokyo - Nhật Bản','citizen_jp@yahoo.com','08456895'); 
#4. Chen du lieu vao bang nha san xuat
insert into nha_san_xuat(logo, ten_nha_san_xuat, dia_chi, email, so_dien_thoai) values('logo_apple.jpg','Apple','Trịnh Châu - Hà Nam - Trung Quốc','applecn@yahoo.com','08467895'); 
insert into nha_san_xuat(logo, ten_nha_san_xuat, dia_chi, email, so_dien_thoai) values('logo_samsung.jpg','Samsung','Yên Phong - Bắc Ninh - Việt Nam','samsungvietnam@gmail.com','0986541242');
insert into nha_san_xuat(logo, ten_nha_san_xuat, dia_chi, email, so_dien_thoai) values('logo_vsmart.jpg','Vsmart','Cát Hải - Hải Phòng - Việt Nam','vsmarthaiphong@gmail.com','0978456123');
insert into nha_san_xuat(logo, ten_nha_san_xuat, dia_chi, email, so_dien_thoai) values('logo_xiaomi.png','Xiaomi','Hải Điến - Bắc Kinh - Trung Quốc','xiaomi@yahoo.com','08467896'); 
insert into nha_san_xuat(logo, ten_nha_san_xuat, dia_chi, email, so_dien_thoai) values('logo_oppo.jpg','Oppo','Đông Hoản - Đông Hoản - Trung Quốc','Oppoinc@yahoo.com','08467884'); 
insert into nha_san_xuat(logo, ten_nha_san_xuat, dia_chi, email, so_dien_thoai) values('logo_realme.png','Realme','Thâm Quyến - Quảng Đông - Trung Quốc','Realmephone@yahoo.com','08467125'); 
insert into nha_san_xuat(logo, ten_nha_san_xuat, dia_chi, email, so_dien_thoai) values('logo_huawei.jpg','Huawei','Thâm Quyến - Quảng Đông - Trung Quốc','Huawei_cn@yahoo.com','08467895'); 
insert into nha_san_xuat(logo, ten_nha_san_xuat, dia_chi, email, so_dien_thoai) values('logo_casio.png','Casio','Shibuya - Tokyo - Nhật Bản','casio_jp@yahoo.com','07462295'); 
insert into nha_san_xuat(logo, ten_nha_san_xuat, dia_chi, email, so_dien_thoai) values('logo_orient.png','Orient','Shinjuku - Tokyo - Nhật Bản','orient_jp@yahoo.com','082177895'); 
insert into nha_san_xuat(logo, ten_nha_san_xuat, dia_chi, email, so_dien_thoai) values('logo_citizen.jpg','Citizen','Nishitokyo - Tokyo - Nhật Bản','citizen_jp@yahoo.com','08456895'); 
#5.chen du lieu vao bang loai thanh vien
insert into loai_thanh_vien(ten_loai_thanh_vien, uu_dai) values('chủ cửa hàng','không');
insert into loai_thanh_vien(ten_loai_thanh_vien, uu_dai) values('nhân viên bán hàng','5%');
insert into loai_thanh_vien(ten_loai_thanh_vien, uu_dai) values('nhân viên kho','5%');
insert into loai_thanh_vien(ten_loai_thanh_vien, uu_dai) values('khách hàng','2%');
#6. Chen du lieu vao bang vai tro
insert into vai_tro(id_vt, ten_loai_thanh_vien, vai_tro, id_ltv) values('1','chủ cửa hàng','admin','1');
insert into vai_tro(id_vt, ten_loai_thanh_vien, vai_tro, id_ltv) values('2','nhân viên bán hàng','employee','2');
insert into vai_tro(id_vt, ten_loai_thanh_vien, vai_tro, id_ltv) values('3','nhân viên kho','employee','2');
insert into vai_tro(id_vt, ten_loai_thanh_vien, vai_tro, id_ltv) values('4','khách hàng','customer','4');
#7.chen du lieu vao bang thanh vien
insert into thanh_vien(ten_tai_khoan, mat_khau, ten_thanh_vien, dia_chi, email, id_ltv) values('levanlong99pchy@gmail.com','01toiyeuem','Lê Văn Long','Phù Cừ - Hưng Yên','levanlong99pchy@gmail.com','1');
insert into thanh_vien(ten_tai_khoan, mat_khau, ten_thanh_vien, dia_chi, email, id_ltv) values('minhnguyet@gmail.com','nguyet2000','Minh Nguyệt','Phù Cừ - Hưng Yên','minhnguyet@gmail.com','2');
insert into thanh_vien(ten_tai_khoan, mat_khau, ten_thanh_vien, dia_chi, email, id_ltv) values('honghanh@gmail.com','hanh2000','Hồng Hạnh','Tp.Sơn La - Sơn La','honghanh@gmail.com','3');
insert into thanh_vien(ten_tai_khoan, mat_khau, ten_thanh_vien, dia_chi, email, id_ltv) values('bvnam@gmail.com','buinam1998','BVNam','Tiên Lữ - Hưng Yên','bvnam@gmail.com','4');
insert into thanh_vien(ten_tai_khoan, mat_khau, ten_thanh_vien, dia_chi, email, id_ltv) values('duchieu@gmail.com','hieu1999','Đức Hiếu','Yên Mỹ - Hưng Yên','duchieu@gmail.com','4');
insert into thanh_vien(ten_tai_khoan, mat_khau, ten_thanh_vien, dia_chi, email, id_ltv) values('lexuanthang@gmail.com','xuanthang1999','Lê Xuân Thắng','Văn Giang - Hưng Yên','lexuanthang@gmail.com','4');

#8.Chen du lieu vao bang khach hang
insert into khach_hang(ten_khach_hang, dia_chi, so_dien_thoai, email, id_tv) values('Bùi Văn Nam','Tiên Lữ - Hưng Yên','0984079341','bvnam@gmail.com','4');
insert into khach_hang(ten_khach_hang, dia_chi, so_dien_thoai, email, id_tv) values('Nguyễn Văn Phục','Văn Lâm - Hưng Yên','0984079342','vanphuc@gmail.com','4');
insert into khach_hang(ten_khach_hang, dia_chi, so_dien_thoai, email, id_tv) values('Đỗ Tuấn Anh','Tp.Hưng Yên - Hưng Yên','0984079343','tuananhdo@gmail.com','4');
insert into khach_hang(ten_khach_hang, dia_chi, so_dien_thoai, email, id_tv) values('Trần Thị Huyền Trang','Khoái Châu - Hưng Yên','0984334256','huyentrang@gmail.com','4');
insert into khach_hang(ten_khach_hang, dia_chi, so_dien_thoai, email, id_tv) values('Nguyễn Thị Ngát','Từ Sơn - Bắc Ninh','0984112365','ngatnguyen@gmail.com','4');
#xoa bản ghi
delete from san_pham where id_sp=10;
#9.chen du lieu vao bang danh muc
insert into danh_muc(id_dm, ten_danh_muc, id_nsx, id_ncc) values('1','Iphone','1','1');
insert into danh_muc(id_dm, ten_danh_muc, id_nsx, id_ncc) values('2','Samsung','2','2');
insert into danh_muc(id_dm, ten_danh_muc, id_nsx, id_ncc) values('3','Vsmart','3','3');
insert into danh_muc(id_dm, ten_danh_muc, id_nsx, id_ncc) values('4','Xiaomi','4','4');
insert into danh_muc(id_dm, ten_danh_muc, id_nsx, id_ncc) values('5','Oppo','5','5');
insert into danh_muc(id_dm, ten_danh_muc, id_nsx, id_ncc) values('6','Realme','6','6');
insert into danh_muc(id_dm, ten_danh_muc, id_nsx, id_ncc) values('7','Huawei','7','7');
insert into danh_muc(id_dm, ten_danh_muc, id_nsx, id_ncc) values('8','Casio','8','8');
insert into danh_muc(id_dm, ten_danh_muc, id_nsx, id_ncc) values('9','Orient','9','9');
insert into danh_muc(id_dm, ten_danh_muc, id_nsx, id_ncc) values('10','Citizen','10','10');

#10. Chen dư lieu vao bang san pham
#iphone
insert into san_pham(ten_san_pham, demo, gia_niem_yet, sale, gia_ban, ngay_cap_nhat, nam_san_xuat, xuat_xu, noi_san_xuat, thong_so_ky_thuat, gioi_thieu_chung, tieu_de_1, mo_ta_ct1, tieu_de_2, mo_ta_ct2, tieu_de_3, mo_ta_ct3, hinh_anh_1, so_luong, id_ncc, id_nsx, id_lsp, tinh_trang) values ('iPhone 11 64GB','0','21990000','5','21690000','2019/05/13','2019','Trung Quốc','Nhà máy Apple chi nhánh Trung Quốc','Màn hình: 6.1", Liquid Retina CPU: Apple A13 Bionic 6 nhân RAM: 4 GB, ROM: 64 GB Camera: Chính 12 MP & Phụ 12 MP Selfie: 12 MP PIN: 3110 mAh, có sạc nhanh','Sau bao nhiêu chờ đợi cũng như đồn đoán thì cuối cùng Apple đã chính thức giới thiệu bộ 3 siêu phẩm iPhone 11 mạnh mẽ nhất của mình vào tháng 9/2019. Có mức giá rẻ nhất nhưng vẫn được nâng cấp mạnh mẽ như chiếc iPhone Xr năm ngoái, đó chính là phiên bản iPhone 11 64GB.','Nâng cấp mạnh mẽ về camera','Nói về nâng cấp thì camera chính là điểm có nhiều cải tiến nhất trên thế hệ iPhone mới. Nếu như trước đây iPhone Xr chỉ có một camera thì nay với iPhone 11 chúng ta sẽ có tới hai camera ở mặt sau. Ngoài camera chính vẫn có độ phân giải 12 MP thì chúng ta sẽ có thêm một camera góc siêu rộng và cũng với độ phân giải tương tự. Theo Apple thì việc chuyển đổi qua lại giữa hai ống kính thì sẽ không làm thay đổi màu sắc của bức ảnh. Đây là một điều được xem là bước ngoặt bởi những chiếc smartphone Android có nhiều camera hiện nay sẽ thường bị sai lệch về màu sắc khi chuyển đổi qua lại giữa các ống kính gây cảm giác khá khó chịu cho người dùng. Bên cạnh đó với iPhone 11 thì đây sẽ là lần đầu tiên Apple trang bị khả năng chụp đêm lên chiếc iPhone của mình. Theo trải nghiệm thì tính năng này hoạt động rất hiệu quả đặc biệt trong những môi trường cực kỳ thiếu sáng. Kích hoạt chế độ chụp đêm sẽ do iPhone tự quyết định việc của bạn chỉ cần đưa máy lên và chụp, rất đơn giản. Năm nay Apple cũng đã nâng cấp độ phân giải camera trước nên 12 MP thay vì 7 MP như thế hệ trước đó. Camera trước cũng có một tính năng thông minh, khi bạn xoay ngang điện thoại nó sẽ tự kích hoạt chế độ selfie góc rộng để bạn có thể chụp với nhiều người hơn. Ngoài ra Apple cũng giới thiệu tính năng quay video slow motion dành cho camera trước, điều mà Apple chưa từng trang bị cho những chiếc iPhone trước đây.','Hiệu năng mạnh mẽ hàng đầu thế giới','Mỗi lần ra iPhone mới là mỗi lần Apple mang đến cho người dùng một trải nghiệm về hiệu năng "chưa từng có". Trên iPhone 11 mới Apple nâng cấp con chip của mình lên thế hệ Apple A13 Bionic rất mạnh mẽ. Chiếc iPhone này cũng được nâng cấp dung lượng ram lên thành 4 GB thay vì 3 GB như thế hệ trước đó. Mọi thao tác trên iPhone mới rất mượt mà bạn gần như sẽ không cảm nhận được sự giật lag cho dù có sử dụng trong một thời gian dài. Phiên bản iOS 13 mới đi kèm với chiếc iPhone này cũng được trang bị nhiều tính năng hơn giúp bạn sử dụng chiếc iPhone hiệu quả hơn. Face ID trên iPhone 11 cũng được cải tiến để có thể nhận diện ở nhiều góc độ hơn và tốc độ phản hồi nhanh hơn.','Những thay đổi về thiết kế theo hướng tích cực','Chúng ta sẽ có một mặt lưng hoàn thiện dưới dạng kính và Apple nói rằng họ đã sử dụng loại kính bền nhất từ trước tới nay cho chiếc iPhone này. Camera kép trên iPhone mới cũng được thiết kế lại và tin vui là nó sẽ bớt lồi hơn so với trên trên iPhone Xr trước đây. Điểm nhấn về cụm camera to bản ở mặt sau sẽ giúp người khác dễ dàng nhận biết bạn đang sử dụng một chiếc iPhone 11 trên tay. Logo quả táo truyền thống của Apple nay đã được di chuyển về phần chính giữa của mặt lớn thay vì đặt lệch về phía cạnh trên như những đời iPhone trước đó. Apple cho biết họ đã hoàn thiện trên iPhone mới để nó cho khả năng chống nước tốt hơn và người dùng có thể yên tâm về điều đó.','iphone-11-(1).jpg','50','1','1','2','Còn hàng');
insert into san_pham(ten_san_pham, demo, gia_niem_yet, sale, gia_ban, ngay_cap_nhat, nam_san_xuat, xuat_xu, noi_san_xuat, thong_so_ky_thuat, gioi_thieu_chung, tieu_de_1, mo_ta_ct1, tieu_de_2, mo_ta_ct2, tieu_de_3, mo_ta_ct3, hinh_anh_1, so_luong, id_ncc, id_nsx, id_lsp, tinh_trang) values ('iPhone 11 128GB','0','23990000','2','23690000','2019/05/13','2019','Trung Quốc','Nhà máy Apple chi nhánh Trung Quốc','Màn hình: 6.1", Liquid Retina CPU: Apple A13 Bionic 6 nhân RAM: 4 GB, ROM: 128 GB Camera: Chính 12 MP & Phụ 12 MP Selfie: 12 MP PIN: 3110 mAh, có sạc nhanh','Sau bao nhiêu chờ đợi cũng như đồn đoán thì cuối cùng Apple đã chính thức giới thiệu bộ 3 siêu phẩm iPhone 11 mạnh mẽ nhất của mình vào tháng 9/2019. Có mức giá nhỉnh hơn so với bản 64GB nhưng vẫn được nâng cấp mạnh mẽ như chiếc iPhone Xr năm ngoái, đó chính là phiên bản iPhone 11 128GB.','Nâng cấp mạnh mẽ về camera','Nói về nâng cấp thì camera chính là điểm có nhiều cải tiến nhất trên thế hệ iPhone mới. Nếu như trước đây iPhone Xr chỉ có một camera thì nay với iPhone 11 chúng ta sẽ có tới hai camera ở mặt sau. Ngoài camera chính vẫn có độ phân giải 12 MP thì chúng ta sẽ có thêm một camera góc siêu rộng và cũng với độ phân giải tương tự. Theo Apple thì việc chuyển đổi qua lại giữa hai ống kính thì sẽ không làm thay đổi màu sắc của bức ảnh. Đây là một điều được xem là bước ngoặt bởi những chiếc smartphone Android có nhiều camera hiện nay sẽ thường bị sai lệch về màu sắc khi chuyển đổi qua lại giữa các ống kính gây cảm giác khá khó chịu cho người dùng. Bên cạnh đó với iPhone 11 thì đây sẽ là lần đầu tiên Apple trang bị khả năng chụp đêm lên chiếc iPhone của mình. Theo trải nghiệm thì tính năng này hoạt động rất hiệu quả đặc biệt trong những môi trường cực kỳ thiếu sáng. Kích hoạt chế độ chụp đêm sẽ do iPhone tự quyết định việc của bạn chỉ cần đưa máy lên và chụp, rất đơn giản. Năm nay Apple cũng đã nâng cấp độ phân giải camera trước nên 12 MP thay vì 7 MP như thế hệ trước đó. Camera trước cũng có một tính năng thông minh, khi bạn xoay ngang điện thoại nó sẽ tự kích hoạt chế độ selfie góc rộng để bạn có thể chụp với nhiều người hơn. Ngoài ra Apple cũng giới thiệu tính năng quay video slow motion dành cho camera trước, điều mà Apple chưa từng trang bị cho những chiếc iPhone trước đây.','Hiệu năng mạnh mẽ hàng đầu thế giới','Mỗi lần ra iPhone mới là mỗi lần Apple mang đến cho người dùng một trải nghiệm về hiệu năng "chưa từng có". Trên iPhone 11 mới Apple nâng cấp con chip của mình lên thế hệ Apple A13 Bionic rất mạnh mẽ. Chiếc iPhone này cũng được nâng cấp dung lượng ram lên thành 4 GB thay vì 3 GB như thế hệ trước đó. Mọi thao tác trên iPhone mới rất mượt mà bạn gần như sẽ không cảm nhận được sự giật lag cho dù có sử dụng trong một thời gian dài. Phiên bản iOS 13 mới đi kèm với chiếc iPhone này cũng được trang bị nhiều tính năng hơn giúp bạn sử dụng chiếc iPhone hiệu quả hơn. Face ID trên iPhone 11 cũng được cải tiến để có thể nhận diện ở nhiều góc độ hơn và tốc độ phản hồi nhanh hơn.','Những thay đổi về thiết kế theo hướng tích cực','Chúng ta sẽ có một mặt lưng hoàn thiện dưới dạng kính và Apple nói rằng họ đã sử dụng loại kính bền nhất từ trước tới nay cho chiếc iPhone này. Camera kép trên iPhone mới cũng được thiết kế lại và tin vui là nó sẽ bớt lồi hơn so với trên trên iPhone Xr trước đây. Điểm nhấn về cụm camera to bản ở mặt sau sẽ giúp người khác dễ dàng nhận biết bạn đang sử dụng một chiếc iPhone 11 trên tay. Logo quả táo truyền thống của Apple nay đã được di chuyển về phần chính giữa của mặt lớn thay vì đặt lệch về phía cạnh trên như những đời iPhone trước đó. Apple cho biết họ đã hoàn thiện trên iPhone mới để nó cho khả năng chống nước tốt hơn và người dùng có thể yên tâm về điều đó.','iphone-11-(1).jpg','50','1','1','2','Còn hàng');
insert into san_pham(ten_san_pham, demo, gia_niem_yet, sale, gia_ban, ngay_cap_nhat, nam_san_xuat, xuat_xu, noi_san_xuat, thong_so_ky_thuat, gioi_thieu_chung, tieu_de_1, mo_ta_ct1, tieu_de_2, mo_ta_ct2, tieu_de_3, mo_ta_ct3, hinh_anh_1, so_luong, id_ncc, id_nsx, id_lsp, tinh_trang) values ('iPhone 11 256GB','0','25990000','5','24690000','2019/05/13','2019','Trung Quốc','Nhà máy Apple chi nhánh Trung Quốc','Màn hình: 6.1", Liquid Retina CPU: Apple A13 Bionic 6 nhân RAM: 4 GB, ROM: 256 GB Camera: Chính 12 MP & Phụ 12 MP Selfie: 12 MP PIN: 3110 mAh, có sạc nhanh','Sau bao nhiêu chờ đợi cũng như đồn đoán thì cuối cùng Apple đã chính thức giới thiệu bộ 3 siêu phẩm iPhone 11 mạnh mẽ nhất của mình vào tháng 9/2019. Có mức giá nhỉnh hơn bản 128GB nhưng vẫn được nâng cấp mạnh mẽ như chiếc iPhone Xr năm ngoái, đó chính là phiên bản iPhone 11 256GB.','Nâng cấp mạnh mẽ về camera','Nói về nâng cấp thì camera chính là điểm có nhiều cải tiến nhất trên thế hệ iPhone mới. Nếu như trước đây iPhone Xr chỉ có một camera thì nay với iPhone 11 chúng ta sẽ có tới hai camera ở mặt sau. Ngoài camera chính vẫn có độ phân giải 12 MP thì chúng ta sẽ có thêm một camera góc siêu rộng và cũng với độ phân giải tương tự. Theo Apple thì việc chuyển đổi qua lại giữa hai ống kính thì sẽ không làm thay đổi màu sắc của bức ảnh. Đây là một điều được xem là bước ngoặt bởi những chiếc smartphone Android có nhiều camera hiện nay sẽ thường bị sai lệch về màu sắc khi chuyển đổi qua lại giữa các ống kính gây cảm giác khá khó chịu cho người dùng. Bên cạnh đó với iPhone 11 thì đây sẽ là lần đầu tiên Apple trang bị khả năng chụp đêm lên chiếc iPhone của mình. Theo trải nghiệm thì tính năng này hoạt động rất hiệu quả đặc biệt trong những môi trường cực kỳ thiếu sáng. Kích hoạt chế độ chụp đêm sẽ do iPhone tự quyết định việc của bạn chỉ cần đưa máy lên và chụp, rất đơn giản. Năm nay Apple cũng đã nâng cấp độ phân giải camera trước nên 12 MP thay vì 7 MP như thế hệ trước đó. Camera trước cũng có một tính năng thông minh, khi bạn xoay ngang điện thoại nó sẽ tự kích hoạt chế độ selfie góc rộng để bạn có thể chụp với nhiều người hơn. Ngoài ra Apple cũng giới thiệu tính năng quay video slow motion dành cho camera trước, điều mà Apple chưa từng trang bị cho những chiếc iPhone trước đây.','Hiệu năng mạnh mẽ hàng đầu thế giới','Mỗi lần ra iPhone mới là mỗi lần Apple mang đến cho người dùng một trải nghiệm về hiệu năng "chưa từng có". Trên iPhone 11 mới Apple nâng cấp con chip của mình lên thế hệ Apple A13 Bionic rất mạnh mẽ. Chiếc iPhone này cũng được nâng cấp dung lượng ram lên thành 4 GB thay vì 3 GB như thế hệ trước đó. Mọi thao tác trên iPhone mới rất mượt mà bạn gần như sẽ không cảm nhận được sự giật lag cho dù có sử dụng trong một thời gian dài. Phiên bản iOS 13 mới đi kèm với chiếc iPhone này cũng được trang bị nhiều tính năng hơn giúp bạn sử dụng chiếc iPhone hiệu quả hơn. Face ID trên iPhone 11 cũng được cải tiến để có thể nhận diện ở nhiều góc độ hơn và tốc độ phản hồi nhanh hơn.','Những thay đổi về thiết kế theo hướng tích cực','Chúng ta sẽ có một mặt lưng hoàn thiện dưới dạng kính và Apple nói rằng họ đã sử dụng loại kính bền nhất từ trước tới nay cho chiếc iPhone này. Camera kép trên iPhone mới cũng được thiết kế lại và tin vui là nó sẽ bớt lồi hơn so với trên trên iPhone Xr trước đây. Điểm nhấn về cụm camera to bản ở mặt sau sẽ giúp người khác dễ dàng nhận biết bạn đang sử dụng một chiếc iPhone 11 trên tay. Logo quả táo truyền thống của Apple nay đã được di chuyển về phần chính giữa của mặt lớn thay vì đặt lệch về phía cạnh trên như những đời iPhone trước đó. Apple cho biết họ đã hoàn thiện trên iPhone mới để nó cho khả năng chống nước tốt hơn và người dùng có thể yên tâm về điều đó.','iphone-11-(1).jpg','50','1','1','2','Còn hàng');
insert into san_pham(ten_san_pham, demo, gia_niem_yet, sale, gia_ban, ngay_cap_nhat, nam_san_xuat, xuat_xu, noi_san_xuat, thong_so_ky_thuat, gioi_thieu_chung, tieu_de_1, mo_ta_ct1, tieu_de_2, mo_ta_ct2, tieu_de_3, mo_ta_ct3, hinh_anh_1, so_luong, id_ncc, id_nsx, id_lsp, tinh_trang) values ('iPhone 11 Pro Max512 GB','0','43990000','4','41990000','2019/05/18','2019','Trung Quốc','Nhà máy Apple chi nhánh Trung Quốc','Màn hình: 6.5", Supper Retina XDR CPU: Apple A13 Bionic 6 nhân RAM: 4 GB, ROM: 512 GB Camera: 3 camera 12 MP Selfie: 12 MP PIN: 3969 mAh, có sạc nhanh','Để tìm kiếm một chiếc smartphone có hiệu năng mạnh mẽ và có thể sử dụng mượt mà trong 2-3 năm tới thì không có chiếc máy nào xứng đang hơn chiếc iPhone 11 Pro Max 512GB mới ra mắt trong năm 2019 của Apple.','Hiệu năng "đè bẹp" mọi đối thủ','iPhone 11 Pro Max 512GB năm nay sử dụng chip Apple A13 Bionic mới nhất, nhanh và tiết kiệm điện hơn so với A12 năm ngoái. Máy cũng sở hữu riêng một con chip AI Neural Engine sẽ phụ trách các tính năng xử lý hình ảnh như Deep Fusion và Night Mode. Theo Apple thì đây là điện thoại thông minh có hiệu suất nhanh nhất thế giới ở thời điểm ra mắt. Cụ thể, hiệu năng của bộ vi xử lý A13 Bionic mới của Apple có sức mạnh vượt trội, nhanh hơn đến 20% và tiết kiêm điện đến 40% so với chip A12, mang đến cho bạn trải nghiệm mượt mà, ổn định tất cả các tác vụ, đa nhiệm. Máy sẽ chạy trên phiên bản iOS 13 mới với nhiều tính năng tiện dụng giúp bạn khai thác chiếc iPhone của mình hiệu quả hơn. Năm nay Face ID cũng được cải thiện để có thể nhận dạng ở nhiều góc khác nhau mang lại trải nghiệm mở khóa tốt hơn. Công nghệ Haptic Engine mới sẽ dựa trên thời gian ấn và giữ icon để hiện lên những menu chức năng khác nhau thay vì dựa vào lực ấn như 3D Touch.','Camera là điểm nhấn đáng chú ý','Tại buổi ra mắt chiếc iPhone mới của mình, Apple dành rất nhiều thời gian để giới thiệu bộ 3 camera hoàn toàn mới trên chiếc iPhone 11 Pro Max. Và quả thực camera chính là điểm nâng cấp đáng giá nhất trên chiếc iPhone 11 Pro Max. Chiếc iPhone này sẽ có 3 camera với 1 camera chính góc rộng 12 MP, 1 camera tele 12 MP và 1 camera góc siêu rộng 12 MP. Các camera này đều có sự liên hệ mật thiết với nhau vì vậy khi người dùng chuyển đổi giữa các loại camera, thì độ sáng hay màu sắc của bức ảnh hầu như không thay đổi nhiều. Đây là điềm mà chưa một chiếc smartphone Android nào có nhiều camera hiện nay có thể làm tốt hơn iPhone 11 Pro Max. Ngoài ra trên chiếc iPhone này còn có thêm chế độ chụp đêm Night Mode giúp cải thiện rõ rệt chất lượng chụp ảnh trong điều kiện thiếu sáng của những chiếc iPhone. Những bức ảnh với chế độ Night Mode có chất lượng rất tốt, đủ sắc nét, màu sắc tuyệt vời, độ tương phản xuất sắc và độ phơi sáng rất cân bằng. Khả năng quay video trên iPhone từ trước tới nay vẫn được đánh giá rất cao và năm nay Apple nâng cấp lên độ phân giải 4K 60fps sẽ là một tin không thể vui hơn dành cho những bạn hay quay video trên chiếc iPhone của mình.','Pin lớn thoải mái cả ngày','iPhone 11 Pro Max 512GB sở hữu viên pin có dung lượng lớn hơn 25% so với iPhone Xs Max năm ngoái nhờ vậy mà thời gian sử dụng pin cũng được cải thiện đáng kể. Apple công bố chiếc iPhone mới này sẽ cho thời gian dùng pin nhiều hơn 5 tiếng so với iPhone Xs Max nhưng thực tế con số này còn tốt hơn thế. Nếu bạn chỉ sử dụng ở mức bình thường, ít chơi game thì chiếc iPhone này hoàn toàn có thể đáp ứng lên tới 2 ngày sử dụng cho bạn. Còn nếu nhu cầu nhiều hơn thì việc đáp ứng với cường độ cao từ sáng tới tối cũng không phải là điều gì quá khó khăn với chiếc máy này. Tin vui là năm nay bạn đã được Apple tặng kèm sạc nhanh 18W bên trong hộp máy giúp bạn sạc được 50% pin chỉ trong vòng 30 phút. Bên cạnh đó iPhone 11 Pro Max 512GB cũng hỗ trợ sạc nhanh không dây lên tới 10W để bạn có thể sử dụng hằng ngày.','iphone-11-pro-max.jpg','50','1','1','2','Còn hàng');
insert into san_pham(ten_san_pham, demo, gia_niem_yet, sale, gia_ban, ngay_cap_nhat, nam_san_xuat, xuat_xu, noi_san_xuat, thong_so_ky_thuat, gioi_thieu_chung, tieu_de_1, mo_ta_ct1, tieu_de_2, mo_ta_ct2, tieu_de_3, mo_ta_ct3, hinh_anh_1, so_luong, id_ncc, id_nsx, id_lsp, tinh_trang) values ('iPhone 11 Pro Max 256 GB','0','37990000','5','35990000','2019/05/18','2019','Trung Quốc','Nhà máy Apple chi nhánh Trung Quốc','Màn hình: 6.5", Supper Retina XDR CPU: Apple A13 Bionic 6 nhân RAM: 4 GB, ROM: 256 GB Camera: 3 camera 12 MP Selfie: 12 MP PIN: 3969 mAh, có sạc nhanh','Để tìm kiếm một chiếc smartphone có hiệu năng mạnh mẽ và có thể sử dụng mượt mà trong 2-3 năm tới thì không có chiếc máy nào xứng đang hơn chiếc iPhone 11 Pro Max 512GB mới ra mắt trong năm 2019 của Apple.','Hiệu năng "đè bẹp" mọi đối thủ','iPhone 11 Pro Max 256GB năm nay sử dụng chip Apple A13 Bionic mới nhất, nhanh và tiết kiệm điện hơn so với A12 năm ngoái. Máy cũng sở hữu riêng một con chip AI Neural Engine sẽ phụ trách các tính năng xử lý hình ảnh như Deep Fusion và Night Mode. Theo Apple thì đây là điện thoại thông minh có hiệu suất nhanh nhất thế giới ở thời điểm ra mắt. Cụ thể, hiệu năng của bộ vi xử lý A13 Bionic mới của Apple có sức mạnh vượt trội, nhanh hơn đến 20% và tiết kiêm điện đến 40% so với chip A12, mang đến cho bạn trải nghiệm mượt mà, ổn định tất cả các tác vụ, đa nhiệm. Máy sẽ chạy trên phiên bản iOS 13 mới với nhiều tính năng tiện dụng giúp bạn khai thác chiếc iPhone của mình hiệu quả hơn. Năm nay Face ID cũng được cải thiện để có thể nhận dạng ở nhiều góc khác nhau mang lại trải nghiệm mở khóa tốt hơn. Công nghệ Haptic Engine mới sẽ dựa trên thời gian ấn và giữ icon để hiện lên những menu chức năng khác nhau thay vì dựa vào lực ấn như 3D Touch.','Camera là điểm nhấn đáng chú ý','Tại buổi ra mắt chiếc iPhone mới của mình, Apple dành rất nhiều thời gian để giới thiệu bộ 3 camera hoàn toàn mới trên chiếc iPhone 11 Pro Max. Và quả thực camera chính là điểm nâng cấp đáng giá nhất trên chiếc iPhone 11 Pro Max. Chiếc iPhone này sẽ có 3 camera với 1 camera chính góc rộng 12 MP, 1 camera tele 12 MP và 1 camera góc siêu rộng 12 MP. Các camera này đều có sự liên hệ mật thiết với nhau vì vậy khi người dùng chuyển đổi giữa các loại camera, thì độ sáng hay màu sắc của bức ảnh hầu như không thay đổi nhiều. Đây là điềm mà chưa một chiếc smartphone Android nào có nhiều camera hiện nay có thể làm tốt hơn iPhone 11 Pro Max. Ngoài ra trên chiếc iPhone này còn có thêm chế độ chụp đêm Night Mode giúp cải thiện rõ rệt chất lượng chụp ảnh trong điều kiện thiếu sáng của những chiếc iPhone. Những bức ảnh với chế độ Night Mode có chất lượng rất tốt, đủ sắc nét, màu sắc tuyệt vời, độ tương phản xuất sắc và độ phơi sáng rất cân bằng. Khả năng quay video trên iPhone từ trước tới nay vẫn được đánh giá rất cao và năm nay Apple nâng cấp lên độ phân giải 4K 60fps sẽ là một tin không thể vui hơn dành cho những bạn hay quay video trên chiếc iPhone của mình.','Pin lớn thoải mái cả ngày','iPhone 11 Pro Max 512GB sở hữu viên pin có dung lượng lớn hơn 25% so với iPhone Xs Max năm ngoái nhờ vậy mà thời gian sử dụng pin cũng được cải thiện đáng kể. Apple công bố chiếc iPhone mới này sẽ cho thời gian dùng pin nhiều hơn 5 tiếng so với iPhone Xs Max nhưng thực tế con số này còn tốt hơn thế. Nếu bạn chỉ sử dụng ở mức bình thường, ít chơi game thì chiếc iPhone này hoàn toàn có thể đáp ứng lên tới 2 ngày sử dụng cho bạn. Còn nếu nhu cầu nhiều hơn thì việc đáp ứng với cường độ cao từ sáng tới tối cũng không phải là điều gì quá khó khăn với chiếc máy này. Tin vui là năm nay bạn đã được Apple tặng kèm sạc nhanh 18W bên trong hộp máy giúp bạn sạc được 50% pin chỉ trong vòng 30 phút. Bên cạnh đó iPhone 11 Pro Max 512GB cũng hỗ trợ sạc nhanh không dây lên tới 10W để bạn có thể sử dụng hằng ngày.','iphone-11-pro-max.jpg','50','1','1','2','Còn hàng');
insert into san_pham(ten_san_pham, demo, gia_niem_yet, sale, gia_ban, ngay_cap_nhat, nam_san_xuat, xuat_xu, noi_san_xuat, thong_so_ky_thuat, gioi_thieu_chung, tieu_de_1, mo_ta_ct1, tieu_de_2, mo_ta_ct2, tieu_de_3, mo_ta_ct3, hinh_anh_1, so_luong, id_ncc, id_nsx, id_lsp, tinh_trang) values ('iPhone 11 Pro Max 64 GB','0','33990000','6','31990000','2019/05/18','2019','Trung Quốc','Nhà máy Apple chi nhánh Trung Quốc','Màn hình: 6.5", Supper Retina XDR CPU: Apple A13 Bionic 6 nhân RAM: 4 GB, ROM: 64 GB Camera: 3 camera 12 MP Selfie: 12 MP PIN: 3969 mAh, có sạc nhanh','Để tìm kiếm một chiếc smartphone có hiệu năng mạnh mẽ và có thể sử dụng mượt mà trong 2-3 năm tới thì không có chiếc máy nào xứng đang hơn chiếc iPhone 11 Pro Max 512GB mới ra mắt trong năm 2019 của Apple.','Hiệu năng "đè bẹp" mọi đối thủ','iPhone 11 Pro Max 256GB năm nay sử dụng chip Apple A13 Bionic mới nhất, nhanh và tiết kiệm điện hơn so với A12 năm ngoái. Máy cũng sở hữu riêng một con chip AI Neural Engine sẽ phụ trách các tính năng xử lý hình ảnh như Deep Fusion và Night Mode. Theo Apple thì đây là điện thoại thông minh có hiệu suất nhanh nhất thế giới ở thời điểm ra mắt. Cụ thể, hiệu năng của bộ vi xử lý A13 Bionic mới của Apple có sức mạnh vượt trội, nhanh hơn đến 20% và tiết kiêm điện đến 40% so với chip A12, mang đến cho bạn trải nghiệm mượt mà, ổn định tất cả các tác vụ, đa nhiệm. Máy sẽ chạy trên phiên bản iOS 13 mới với nhiều tính năng tiện dụng giúp bạn khai thác chiếc iPhone của mình hiệu quả hơn. Năm nay Face ID cũng được cải thiện để có thể nhận dạng ở nhiều góc khác nhau mang lại trải nghiệm mở khóa tốt hơn. Công nghệ Haptic Engine mới sẽ dựa trên thời gian ấn và giữ icon để hiện lên những menu chức năng khác nhau thay vì dựa vào lực ấn như 3D Touch.','Camera là điểm nhấn đáng chú ý','Tại buổi ra mắt chiếc iPhone mới của mình, Apple dành rất nhiều thời gian để giới thiệu bộ 3 camera hoàn toàn mới trên chiếc iPhone 11 Pro Max. Và quả thực camera chính là điểm nâng cấp đáng giá nhất trên chiếc iPhone 11 Pro Max. Chiếc iPhone này sẽ có 3 camera với 1 camera chính góc rộng 12 MP, 1 camera tele 12 MP và 1 camera góc siêu rộng 12 MP. Các camera này đều có sự liên hệ mật thiết với nhau vì vậy khi người dùng chuyển đổi giữa các loại camera, thì độ sáng hay màu sắc của bức ảnh hầu như không thay đổi nhiều. Đây là điềm mà chưa một chiếc smartphone Android nào có nhiều camera hiện nay có thể làm tốt hơn iPhone 11 Pro Max. Ngoài ra trên chiếc iPhone này còn có thêm chế độ chụp đêm Night Mode giúp cải thiện rõ rệt chất lượng chụp ảnh trong điều kiện thiếu sáng của những chiếc iPhone. Những bức ảnh với chế độ Night Mode có chất lượng rất tốt, đủ sắc nét, màu sắc tuyệt vời, độ tương phản xuất sắc và độ phơi sáng rất cân bằng. Khả năng quay video trên iPhone từ trước tới nay vẫn được đánh giá rất cao và năm nay Apple nâng cấp lên độ phân giải 4K 60fps sẽ là một tin không thể vui hơn dành cho những bạn hay quay video trên chiếc iPhone của mình.','Pin lớn thoải mái cả ngày','iPhone 11 Pro Max 512GB sở hữu viên pin có dung lượng lớn hơn 25% so với iPhone Xs Max năm ngoái nhờ vậy mà thời gian sử dụng pin cũng được cải thiện đáng kể. Apple công bố chiếc iPhone mới này sẽ cho thời gian dùng pin nhiều hơn 5 tiếng so với iPhone Xs Max nhưng thực tế con số này còn tốt hơn thế. Nếu bạn chỉ sử dụng ở mức bình thường, ít chơi game thì chiếc iPhone này hoàn toàn có thể đáp ứng lên tới 2 ngày sử dụng cho bạn. Còn nếu nhu cầu nhiều hơn thì việc đáp ứng với cường độ cao từ sáng tới tối cũng không phải là điều gì quá khó khăn với chiếc máy này. Tin vui là năm nay bạn đã được Apple tặng kèm sạc nhanh 18W bên trong hộp máy giúp bạn sạc được 50% pin chỉ trong vòng 30 phút. Bên cạnh đó iPhone 11 Pro Max 512GB cũng hỗ trợ sạc nhanh không dây lên tới 10W để bạn có thể sử dụng hằng ngày.','iphone-11-pro-max.jpg','50','1','1','2','Còn hàng');
insert into san_pham(ten_san_pham, demo, gia_niem_yet, sale, gia_ban, ngay_cap_nhat, nam_san_xuat, xuat_xu, noi_san_xuat, thong_so_ky_thuat, gioi_thieu_chung, tieu_de_1, mo_ta_ct1, tieu_de_2, mo_ta_ct2, tieu_de_3, mo_ta_ct3, hinh_anh_1, so_luong, id_ncc, id_nsx, id_lsp, tinh_trang) values ('iPhone Xs Max 256 GB','0','33990000','10','30490000','2019/10/10','2019','Trung Quốc','Nhà máy Apple chi nhánh Trung Quốc','Màn hình:6.5", Super Retina Camera:Chính 12 MP & Phụ 12 MP Selfie:7 MP CPU: Apple A12 Bionic 6 nhân RAM: 4 GB ROM:256 GB Pin:3174 mAh, có sạc nhanh','Sau 1 năm mong chờ, chiếc smartphone cao cấp nhất của Apple đã chính thức ra mắt mang tên iPhone Xs Max 256 GB. Máy các trang bị các tính năng cao cấp nhất từ chip A12 Bionic, dàn loa đa chiều cho tới camera kép tích hợp trí tuệ nhân tạo.','Hiệu năng đỉnh cao cùng chip Apple A12','iPhone Xs Max được Apple trang bị cho con chip mới toanh hàng đầu của hãng mang tên Apple A12. Chip A12 Bionic được xây dựng trên tiến trình 7nm đầu tiên mà hãng sản xuất với 6 nhân đáp ứng vượt trội trong việc xử lý các tác vụ và khả năng tiết kiệm năng lượng tối ưu. Hơn nữa, chiếc điện thoại iPhone còn có bộ xử lý đồ họa mạnh mẽ được Apple thiết kế riêng giúp hiệu năng được cải thiện rất lớn về mặt đồ họa của máy. Chưa dừng lại ở đó, máy còn được tích hợp trí thông minh nhân tạo giúp phần cứng tối ưu hiệu suất, nhờ đó mà các thao tác của bạn được xử lý một cách nhanh chóng hơn.','Thiết kế viền thép không gỉ và mặt kính cường lực cao cấp, chắc chắn','Điện thoại iPhone Xs Max sở hữu lối thiết kế vô cùng đẹp mắt với những đường cong mềm mại được thừa hưởng từ chiếc iPhone đời trước đó. Tuy nhiên, iPhone Xs Max lại có một thân hình to bản ngang bằng với kích thước dòng Plus nhưng chứa đựng một màn hình rộng lớn lên đến 6.5 inch. Nhờ thế mà bạn sẽ có một không gian trải nghiệm vô cùng rộng rãi để thưởng thức những bộ phim chất lượng cao được trở nên trọn vẹn.','Màn hình OLED chất lượng cao rộng 6.5 inch đầu tiên của Apple','Với công nghệ Super Retina kết hợp tấm nền OLED trên iPhone Xs Max đem lại dải màu sắc cực kì sống động và sắc nét đến từng chi tiết. Bên cạnh đó, Apple còn tích hợp thêm công nghệ HDR10 cùng tần số cảm ứng 120 Hz giúp chất lượng hình ảnh được nâng cao và mượt mà hơn đáng kể. Việc sở hữu màn hình lớn đem đến cho bạn khá nhiều tiện ích như dễ dàng chỉnh sửa ảnh, xem phim, lướt web nhưng sẽ khó khăn hơn trong việc di chuyển.','iphone-xs-max-256gb-white.jpg','20','1','1','3','Còn hàng');
insert into san_pham(ten_san_pham, demo, gia_niem_yet, sale, gia_ban, ngay_cap_nhat, nam_san_xuat, xuat_xu, noi_san_xuat, thong_so_ky_thuat, gioi_thieu_chung, tieu_de_1, mo_ta_ct1, tieu_de_2, mo_ta_ct2, tieu_de_3, mo_ta_ct3, hinh_anh_1, so_luong, id_ncc, id_nsx, id_lsp, tinh_trang) values ('iPhone Xs Max 64 GB','0','25990000','7','27990000','2019/10/10','2019','Trung Quốc','Nhà máy Apple chi nhánh Trung Quốc','Màn hình:6.5", Super Retina Camera:Chính 12 MP & Phụ 12 MP Selfie:7 MP CPU: Apple A12 Bionic 6 nhân RAM: 4 GB ROM:64 GB Pin:3174 mAh, có sạc nhanh','Sau 1 năm mong chờ, chiếc smartphone cao cấp nhất của Apple đã chính thức ra mắt mang tên iPhone Xs Max 64 GB. Máy các trang bị các tính năng cao cấp nhất từ chip A12 Bionic, dàn loa đa chiều cho tới camera kép tích hợp trí tuệ nhân tạo.','Hiệu năng đỉnh cao cùng chip Apple A12','iPhone Xs Max được Apple trang bị cho con chip mới toanh hàng đầu của hãng mang tên Apple A12. Chip A12 Bionic được xây dựng trên tiến trình 7nm đầu tiên mà hãng sản xuất với 6 nhân đáp ứng vượt trội trong việc xử lý các tác vụ và khả năng tiết kiệm năng lượng tối ưu. Hơn nữa, chiếc điện thoại iPhone còn có bộ xử lý đồ họa mạnh mẽ được Apple thiết kế riêng giúp hiệu năng được cải thiện rất lớn về mặt đồ họa của máy. Chưa dừng lại ở đó, máy còn được tích hợp trí thông minh nhân tạo giúp phần cứng tối ưu hiệu suất, nhờ đó mà các thao tác của bạn được xử lý một cách nhanh chóng hơn.','Thiết kế viền thép không gỉ và mặt kính cường lực cao cấp, chắc chắn','Điện thoại iPhone Xs Max sở hữu lối thiết kế vô cùng đẹp mắt với những đường cong mềm mại được thừa hưởng từ chiếc iPhone đời trước đó. Tuy nhiên, iPhone Xs Max lại có một thân hình to bản ngang bằng với kích thước dòng Plus nhưng chứa đựng một màn hình rộng lớn lên đến 6.5 inch. Nhờ thế mà bạn sẽ có một không gian trải nghiệm vô cùng rộng rãi để thưởng thức những bộ phim chất lượng cao được trở nên trọn vẹn.','Màn hình OLED chất lượng cao rộng 6.5 inch đầu tiên của Apple','Với công nghệ Super Retina kết hợp tấm nền OLED trên iPhone Xs Max đem lại dải màu sắc cực kì sống động và sắc nét đến từng chi tiết. Bên cạnh đó, Apple còn tích hợp thêm công nghệ HDR10 cùng tần số cảm ứng 120 Hz giúp chất lượng hình ảnh được nâng cao và mượt mà hơn đáng kể. Việc sở hữu màn hình lớn đem đến cho bạn khá nhiều tiện ích như dễ dàng chỉnh sửa ảnh, xem phim, lướt web nhưng sẽ khó khăn hơn trong việc di chuyển.','iphone-xs-max-256gb-white.jpg','20','1','1','3','Còn hàng');
insert into san_pham(ten_san_pham, demo, gia_niem_yet, sale, gia_ban, ngay_cap_nhat, nam_san_xuat, xuat_xu, noi_san_xuat, thong_so_ky_thuat, gioi_thieu_chung, tieu_de_1, mo_ta_ct1, tieu_de_2, mo_ta_ct2, tieu_de_3, mo_ta_ct3, hinh_anh_1, so_luong, id_ncc, id_nsx, id_lsp, tinh_trang) values ('iPhone Xs 256 GB','0','24990000','4','23990000','2020/01/15','2020','Trung Quốc','Nhà máy Apple chi nhánh Trung Quốc','Màn hình: 5.8", Super Retina CPU: Apple A12 Bionic 6 nhân RAM: 4 GB, ROM: 256 GB Camera: Chính 12 MP & Phụ 12 MP Selfie: 7 MP PIN: 2658 mAh, có sạc nhanh','Chiếc điện thoại iPhone mới đã chính thức được ra mắt vào đêm 12/9 theo giờ Việt Nam, trong đó có phiên bản iPhone Xs 256GB với bộ nhớ khủng, cấu hình mạnh mẽ với chip Apple A12 và những tính năng đẳng cấp khác.','Tích hợp chip Apple A12 hiệu năng mạnh mẽ bậc nhất','iPhone Xs tích hợp con chip mới của Apple với những hiệu năng mạnh mẽ đến vượt trội. Apple A12 Bionic được xây dựng trên tiến trình 7nm đầu tiên của hãng với 6 nhân giúp điện thoại iPhone Xs có thể chiến được mọi loại game cũng như thao tác thường ngày với khả năng tiết kiệm điện so với thế hệ trước. Bên cạnh đó, bộ xử lý đồ họa của máy cũng được Apple thiết kế lại giúp việc chơi game hay dựng hình mượt mà và nhanh chóng hơn gấp nhiều lần. Chưa dừng lại ở đó, iPhone Xs còn được tích hợp thêm trí thông minh nhân tạo giúp tối ưu phần cứng để bạn có thể xử lý các tác vụ một cách đơn giản nhất. Kết hợp với phần cứng mạnh mẽ là hệ điều hành iOS 12 siêu mượt, hứa hẹn iPhone Xs sẽ trở thành một con quái thú trong làng smartphone hiện nay.','Màn hình Super Retina độc quyền cực sắc nét','So với đàn anh iPhone X thì iPhone Xs được chăm chút hơn về khả năng hiển thị khi được trang bị hàng loạt các công nghệ cao cấp. Trên kích thước 5.8 inch kết hợp tấm nền OLED đem lại cho bạn một trải nghiệm tuyệt vời khi xem phim hay lướt web với dải màu rộng và độ chi tiết cực kì cao. Hơn nữa, màn hình của máy còn hỗ trợ công nghệ HDR10 cùng tần số cảm ứng 120 Hz giúp hình ảnh sống động cũng chuyển động mượt mà hơn.','Hệ thống âm thanh cải tiến','iPhone Xs sở hữu hệ thống âm thanh 2 chiều cực kì tuyệt vời được Apple tinh chỉnh mang lại dải âm rộng và chi tiết hơn. Nhờ thế mà bạn có thể thưởng thức những bộ phim trở nên thú vị và sống động hơn mà không cần dùng đến một chiếc tai nghe để có một chất âm tốt.','iphone-xs-max.png','20','1','1','3','Còn hàng');
insert into san_pham(ten_san_pham, demo, gia_niem_yet, sale, gia_ban, ngay_cap_nhat, nam_san_xuat, xuat_xu, noi_san_xuat, thong_so_ky_thuat, gioi_thieu_chung, tieu_de_1, mo_ta_ct1, tieu_de_2, mo_ta_ct2, tieu_de_3, mo_ta_ct3, hinh_anh_1, so_luong, id_ncc, id_nsx, id_lsp, tinh_trang) values ('iPhone Xs 64 GB','0','20990000','4','19990000','2020/01/15','2020','Trung Quốc','Nhà máy Apple chi nhánh Trung Quốc','Màn hình: 5.8", Super Retina CPU: Apple A12 Bionic 6 nhân RAM: 4 GB, ROM: 64 GB Camera: Chính 12 MP & Phụ 12 MP Selfie: 7 MP PIN: 2658 mAh, có sạc nhanh','Chiếc điện thoại iPhone mới đã chính thức được ra mắt vào đêm 12/9 theo giờ Việt Nam, trong đó có phiên bản iPhone Xs 64GB với bộ nhớ khủng, cấu hình mạnh mẽ với chip Apple A12 và những tính năng đẳng cấp khác.','Tích hợp chip Apple A12 hiệu năng mạnh mẽ bậc nhất','iPhone Xs tích hợp con chip mới của Apple với những hiệu năng mạnh mẽ đến vượt trội. Apple A12 Bionic được xây dựng trên tiến trình 7nm đầu tiên của hãng với 6 nhân giúp điện thoại iPhone Xs có thể chiến được mọi loại game cũng như thao tác thường ngày với khả năng tiết kiệm điện so với thế hệ trước. Bên cạnh đó, bộ xử lý đồ họa của máy cũng được Apple thiết kế lại giúp việc chơi game hay dựng hình mượt mà và nhanh chóng hơn gấp nhiều lần. Chưa dừng lại ở đó, iPhone Xs còn được tích hợp thêm trí thông minh nhân tạo giúp tối ưu phần cứng để bạn có thể xử lý các tác vụ một cách đơn giản nhất. Kết hợp với phần cứng mạnh mẽ là hệ điều hành iOS 12 siêu mượt, hứa hẹn iPhone Xs sẽ trở thành một con quái thú trong làng smartphone hiện nay.','Màn hình Super Retina độc quyền cực sắc nét','So với đàn anh iPhone X thì iPhone Xs được chăm chút hơn về khả năng hiển thị khi được trang bị hàng loạt các công nghệ cao cấp. Trên kích thước 5.8 inch kết hợp tấm nền OLED đem lại cho bạn một trải nghiệm tuyệt vời khi xem phim hay lướt web với dải màu rộng và độ chi tiết cực kì cao. Hơn nữa, màn hình của máy còn hỗ trợ công nghệ HDR10 cùng tần số cảm ứng 120 Hz giúp hình ảnh sống động cũng chuyển động mượt mà hơn.','Hệ thống âm thanh cải tiến','iPhone Xs sở hữu hệ thống âm thanh 2 chiều cực kì tuyệt vời được Apple tinh chỉnh mang lại dải âm rộng và chi tiết hơn. Nhờ thế mà bạn có thể thưởng thức những bộ phim trở nên thú vị và sống động hơn mà không cần dùng đến một chiếc tai nghe để có một chất âm tốt.','iphone-xs-max.png','20','1','1','3','Còn hàng');
#samsung
insert into san_pham(ten_san_pham, demo, gia_niem_yet, sale, gia_ban, ngay_cap_nhat, nam_san_xuat, xuat_xu, noi_san_xuat, thong_so_ky_thuat, gioi_thieu_chung, tieu_de_1, mo_ta_ct1, tieu_de_2, mo_ta_ct2, tieu_de_3, mo_ta_ct3, hinh_anh_1, so_luong, id_ncc, id_nsx, id_lsp, tinh_trang) values ('Samsung Galaxy S20 Ultra','1','0','0','29990000','2020/02/15','2019','Việt Nam','Nhà máy Samsung Bắc Ninh - Việt Nam','Màn hình: 6.9", Quad HD+ (2K+) CPU: Exynos 990 8 nhân RAM: 12 GB, ROM: 128 GB Camera: Chính 108 MP & phụ 48 MP, 12 MP, TOF 3D Selfie: 40 MP PIN: 5000 mAh, có sạc nhanh','Samsung Galaxy S20 Ultra siêu phẩm công nghệ hàng đầu của Samsung mới ra mắt với nhiều đột phá công nghệ, màn hình tràn viền không khuyết điểm, hiệu năng đỉnh cao, camera độ phân giải siêu khủng 108 MP cùng khả năng zoom 100X thách thức mọi giới hạn smartphone.','Đột phá màn hình siêu tràn viền kích thước lớn','Galaxy S20 Ultra được trang bị một màn hình kích thước 6.9 inch sử dụng tấm nền Dynamic AMOLED 2X cho chất lượng hiển thị hình ảnh trung thực, sắc nét đến từng chi tiết. Màn hình trên Galaxy S20 Ultra có tần số quét lên tới 120 Hz cho từng chuyển động trên máy diễn ra siêu mượt, dễ dàng nhận thấy ở cả các thao tác vuốt hàng ngày. Máy cho phép chuyển qua lại giữa chế độ 120 Hz và 60 Hz để tiết kiệm pin khi cần thiết. Công nghệ HDR10+ cho trải nghiệm giải trí chơi game với chất lượng tuyệt vời. Cả mặt trước và sau của máy đều được bảo vệ bằng kính cường lực Gorilla Glass 6 với độ bền cao, nhược điểm duy nhất là dễ bám mồ hôi và dấu vân tay sau một thời gian sử dụng. Galaxy S20 Ultra sử dụng màn hình công nghệ Infinity O khoét lỗ cho camera selfie, dù có màn hình lớn nhưng đã được cắt giảm viền màn hình nên tổng thể máy vẫn rất thon gọn, chắc chắn dễ dàng cầm nắm và sử dụng bằng một tay. Viền màn hình siêu mỏng tràn ra các cạnh được bo cong nhẹ nổi bật với cụm camera hơi lồi lên so với mặt lưng của máy, điều này có thể được loại bỏ hoàn toàn bằng một chiếc ốp lưng.','Camera đỉnh cao, độ phân giải siêu khủng 108 MP','Camera trên Galaxy S20 Ultra là sự kết hợp độc đáo giữa bộ 4 camera siêu khủng bao gồm 1 camera chính có độ phân giải 108 MP một camera tele 48 MP, một camera góc rộng 12 MP có góc nhìn lên tới 120 độ, cuối cùng là cảm biến TOF có chức năng đo chiều sâu, đi kèm nhiều tính năng chụp ảnh chuyên nghiệp. Ấn tượng nhất trên Galaxy S20 Ultra là chế độ Space Zoom 100x số 1 trên thế giới smartphone, chế độ này kết hợp giữa phần cứng và phần mềm AI, cho phép người dùng có thể chụp vật thể ở khoảng cách vô cùng xa mà mắt thường không nhìn thấy được. Trong điều kiện thiếu sáng, hệ thống camera chuyên nghiệp sẽ chụp nhiều ảnh cùng một lúc, hợp nhất chúng thành một ảnh tuyệt đẹp với độ mờ và độ nhiễu thấp hơn. Tiếp đến là tính năng quay phim chất điện ảnh 8K lần đầu tiên được trang bị trên smartphone Samsung, kết hợp cùng công nghệ chống rung quang học OIS giúp lưu giữ được mọi chuyển động mà vẫn giữ được độ phân giải siêu sắc nét. Chế độ chụp ảnh sinh động Single Take được trang bị trên S20 Ultra cũng không kém phần hấp dẫn. Trong chế độ này, máy sử dụng toàn bộ camera sau để lưu giữ hình ảnh với nhiều chế độ đa dạng và gợi ý ra bức ảnh đẹp nhất hoặc các đoạn video ngắn thú vị. Ngoài ra, tính năng chụp ảnh selfie với camera trước 40MP trên Galaxy S20 Ultra mang đến những khung hình sắc nét, tự động chuyển sang độ phân giải 10MP với điểm ảnh lớn nhằm duy trì sự chi tiết cho những tấm hình thiếu sáng. Camera trước cũng nổi bật với khả năng quay phim chất lượng cao 4K, hứa hẹn sẽ không làm người dùng phải thất vọng với chất lượng phim mà Galaxy S20 Ultra mang lại.','Hiệu năng mượt mà, chơi game đỉnh cao','Mang trong mình vi xử lý mạnh mẽ mang tên Exynos 990 với xung nhịp cao nhất có thể đạt tới  2.73 GHz được phát triển trên tiến trình 7 nm+ đi kèm theo máy là dung lượng RAM 12 GB và bộ nhớ trong 128 GB, hỗ trợ thẻ nhớ ngoài lên đến 1T. Bộ nhớ RAM chuẩn LPDDR5 được trang bị trên Galaxy S20 Ultra cho trải nghiệm đa nhiệm tuyệt vời, thoải mái sử dụng, bạn có thể mở cùng một lúc 8 đến 9 tác vụ mà không cần phải load lại. Bên cạnh đó, Galaxy S20 Ultra cho những trải nghiệm truy cập mạng với chất lượng và tốc độ cao đối với các tác vụ thông thường như nghe, gọi video hay chơi game. Trải nghiệm thực tế Samsung Galaxy S20 Ultra cho điểm hiệu năng mạnh mẽ lên tới 503.122 điểm (đo bằng công cụ Antutu Benmark), cấu hình này giúp máy có thể xử lý tốt các tác vụ hằng ngày hay chơi các tựa game nặng yêu cầu mức đồ họa cao kể cả việc xử lý bằng công nghệ thực tế ảo VR yêu cầu mức xử lý đồ họa cao.','samsung-galaxy-s20-ultra-400x460-1-400x460.png','10','2','2','6','Còn hàng');
insert into san_pham(ten_san_pham, demo, gia_niem_yet, sale, gia_ban, ngay_cap_nhat, nam_san_xuat, xuat_xu, noi_san_xuat, thong_so_ky_thuat, gioi_thieu_chung, tieu_de_1, mo_ta_ct1, tieu_de_2, mo_ta_ct2, tieu_de_3, mo_ta_ct3, hinh_anh_1, so_luong, id_ncc, id_nsx, id_lsp, tinh_trang) values ('Samsung Galaxy S20+','1','0','0','29990000','2020/02/15','2019','Việt Nam','Nhà máy Samsung Bắc Ninh - Việt Nam','Màn hình: 6.7", Quad HD+ (2K+) CPU: Exynos 990 8 nhân RAM: 8 GB, ROM: 128 GB Camera: Chính 12 MP & Phụ 64 MP, 12 MP, TOF 3D Selfie: 10 MP PIN: 4500 mAh, có sạc nhanh','Chiếc điện thoại Samsung Galaxy S20 Plus - Siêu phẩm với thiết màn hình tràn viền, hiệu năng đỉnh cao kết hợp cùng nhiều đột phá về công nghệ dẫn đầu thế giới smartphone.','Thiết kế màn hình tràn viền, siêu mượt 120 Hz','Thiết kế của chiếc điện thoại Samsung Galaxy S20 Plus là kính kết hợp độc đáo giữa với khung kim loại cùng mặt lưng kính cường lực Gorilla Glass 6 thế hệ mới nhất cho khả năng chống chịu trầy xước và va đập tốt. Màn hình Galaxy S20+ có kích thước 6.7 inch độ phân giải 2K (1440 x 3200 Pixels) sử dụng tấm nền Dynamic AMOLED 2X với khả năng hiển thị màu sắc sắc nét, độ chi tiết cao và sống động. Khung máy được hoàn thiện một cách tỉ mỉ, độ chính xác cao với viền màn hình đã được thiết kế cong nhẹ cho cảm giác dễ dàng cầm nắm, không bị cấn tay hay vô tình chạm vào màn hình. Điểm nổi bật trên chiếc điện thoại Samsung Galaxy S20 Plus chính là việc trang bị màn hình Infinity O tràn viền ra bốn cạnh với tỷ lệ diện tích hiển thị lên tới 90.5%. Tần số quét màn hình lên đến 120 Hz cho cảm giác phản hồi nhanh, dường như không có độ trễ. Người dùng có thể điều chỉnh giữa 60 và 120 Hz để tiết kiệm năng lượng pin cho máy. Bên cạnh đó màn hình của máy còn hỗ trợ công nghệ hiển thị HDR10+ mang đến những thước phim giải trí hay những pha hành động combat được tái hiện một cách sống động, chân thực cùng trải nghiệm thao tác siêu mượt mà.','Đột phá camera sau','Galaxy S20+ được trang bị hệ thống 4 camera sau bao gồm: camera tele 64 MP, camera góc rộng và camera góc siêu rộng 12 MP và cuối cùng cảm biến TOF với chức năng hỗ trợ đo chiều sâu. Cụm camera sau được thiết kế hơi lồi so với mặt lưng, hỗ trợ các tính năng độc đáo mới được trang bị trên dòng sản phẩm Galaxy S20 như quay video 8K, Space Zoom, Single Take,... người dùng thỏa thích sáng tạo nên nhiều kiệt tác nghệ thuật. Đây cũng là lần đầu tiên Samsung trang bị tính năng quay video chất lượng điện ảnh 8K lên chiếc điện thoại, mang đến những thước phim với độ phân giải đáng kinh ngạc, độ sắc nét sẽ cũng được duy trì ở mức tối đa ngay cả khi video được trình chiếu trên những màn hình lớn. Với độ phân giải lên đến 64MP, việc giữ được độ rõ nét và màu sắc tươi mới cho bức ảnh không thể làm khó được Samsung Galaxy S20+. Ngoài những công nghệ nổi bật như chúng ta đã nhắc ở trên, Galaxy S20 series còn sở hữu nhiều chế độ và tính năng ấn tượng khác hỗ trợ tối đa khả năng chụp ảnh nâng cao như điều chỉnh ISO, tốc độ màn trập, phơi sáng,... chất lượng hình ảnh sẽ trở nên ấn tượng hơn, đúng ý người dùng hơn. Trải nghiệm camera trên chiếc điện thoại cho chuyển chế độ mượt mà giữa các chế độ góc thường, góc siêu rộng. Chất lượng hình ảnh được chụp bằng Samsung Galaxy S20 Plus với màu sắc nét, độ chi tiết cao kết hợp cùng bộ công cụ chỉnh sửa được tích hợp sẵn ngay trên điện thoại, dễ dàng chỉnh sửa ảnh và video để tạo nên những thước phim ấn tượng nhất. Tính năng Single Take của Samsung Galaxy S20+ với khả năng ghi lại nhiều tấm hình trong một lần chụp, điện thoại sẽ sử dụng 3 camera sau để chụp được 14 hình ảnh hoặc quay những video khác nhau, từ đó gợi ý cho người dùng những tấm hình đẹp nhất hay các video vui vẻ với chất lượng cao, có thể chia sẻ ngay mà không cần edit thêm. Camera trước của máy có độ phân giải 10 MP hứa hẹn sẽ cho ra những tấm hình chụp selfie ấn tượng cho bạn tự tin khoe ảnh cùng người thân và gia đình.','Hiệu năng mạnh mẽ, chơi game đỉnh cao','Chiếc điện thoại Samsung Galaxy được trang bị con cây nhà lá vườn Samsung mang tên Exynos 990 8 nhân mới nhất, được thiết kế trên quy trình 7 nm hiện đại với xung nhịp cao nhất có thể đạt tới 2.73 GHz. Đi kèm theo máy mà dung lượng RAM lớn 8 GB cho sự mượt mà hoàn hảo khi chuyển đổi giữa các ứng dụng, bộ nhớ trong của máy cũng không kém phần nổi trội khi được trang bị bộ nhớ trong 128 GB có hỗ trợ thẻ nhớ ngoài lên đến 1T. Hiệu năng mạnh mẽ của máy đáp ứng tốt các tác vụ từ cơ bản đến nâng cao, kể cả những hoạt động thực tế ảo VR hay các tựa game 3D yêu cầu mức đồ họa cao. Máy được cài đặt sẵn hệ điều hành Android 10 mới nhất tùy biến trên giao diện OneUI 2.0 đẹp mắt, dễ dàng với các thao tác, nâng cao trải nghiệm sử dụng của người dùng. Jack tai nghe 3.5 mm được loại bỏ hoàn toàn trên Samsung Galaxy S20+, chúng ta sẽ có thể kết nối tai nghe qua cổng USB Type C hiện đại. Loa thoại của máy cũng được Samsung làm gần như ẩn bên trong cạnh trên màn hình, cho một thiết kế liền mạnh. Máy đạt chuẩn kháng nước, kháng bụi IP68, hạn chế hư hỏng do nước và bụi gây ra.','samsung-galaxy-s20-plus-400x460-fix-400x460.png','15','2','2','6','Còn hàng');
insert into san_pham(ten_san_pham, demo, gia_niem_yet, sale, gia_ban, ngay_cap_nhat, nam_san_xuat, xuat_xu, noi_san_xuat, thong_so_ky_thuat, gioi_thieu_chung, tieu_de_1, mo_ta_ct1, tieu_de_2, mo_ta_ct2, tieu_de_3, mo_ta_ct3, hinh_anh_1, so_luong, id_ncc, id_nsx, id_lsp, tinh_trang) values ('Samsung Galaxy S10+','0','0','0','19990000','2020/01/15','2019','Việt Nam','Nhà máy Samsung Bắc Ninh - Việt Nam','Màn hình: 6.4", Quad HD+ (2K+) CPU: Exynos 9820 8 nhân RAM: 8 GB, ROM: 128 GB Camera: Chính 12 MP & Phụ 12 MP, 16 MP Selfie: Chính 10 MP & Phụ 8 MP PIN: 4100 mAh, có sạc nhanh','Samsung Galaxy S10+ 128GB là một trong những chiếc smartphone được trông chờ nhiều nhất trong năm 2019 và không phụ sự kỳ vọng của mọi người thì chiếc Galaxy S thứ 10 của Samsung thực sự gây ấn tượng mạnh cho người dùng.','Thiết kế sang trọng, bóng bẩy','Với một chiếc máy cao cấp như Samsung Galaxy S10+ thì việc đầu tiên cần có là máy phải sở hữu một vẻ ngoài "lộng lẫy", thu hút mọi ánh nhìn. Và thậm chí Samsung còn làm tốt hơn như thế khi Samsung Galaxy S10+ sở hữu thiết kế 2 mặt kính đẹp mắt cùng việc loại bỏ đi cảm biến vân tay ở mặt lưng giúp máy liền mạch hơn. Trên Galaxy S10+ Samsung đã sở hữu công nghệ màn hình mới mà hãng gọi là Infinity-O, đảm bảo được viền màn hình mỏng ở tất cả các cạnh khiến kích thước máy không lớn hơn S9+ nhưng kích thước màn hình lại lớn hơn.','Trải nghiệm màn hình vô cực độc đáo','Samsung Galaxy S10+ sở hữu màn hình có kích thước 6.4 inch, sử dụng tấm nền Dynamic AMOLED với độ phân giải lên tới 2K+ cho hình ảnh hiển thị sắc nét và sống động. Đặc biệt màn hình này còn có sự hỗ trợ của công nghệ HDR10+, nó cho phép màn hình hiển thị nhiều màu sáng hơn hoặc nhiều màu tối hơn phụ thuộc vào những gì đang hiển thị trên màn hình. Và với nội dung phù hợp, người sử dụng sẽ bị bất ngờ bởi chất lượng hình ảnh mà video có thể mang lại.','Camera chất lượng hàng đầu thế giới','Nếu bạn là một tín đồ của camera phone thì Samsung Galaxy S10+ là chiếc smartphone sinh ra để dành cho bạn. Máy sở hữu cụm 3 camera sau (cảm biến chính 12 MP và hai cảm biến phụ 12 MP và 16 MP) với một camera có thể thay đổi khẩu độ, một camera zoom phục vụ việc xóa phông và một camera góc siêu rộng cho chụp ảnh phong cảnh. Như vậy với chiếc Samsung Galaxy S10+ thì bạn có thể tự tin ghi lại những khoảnh khắc đẹp trong tất cả các điều kiện khác nhau với chất lượng "tuyệt vời". Khả năng quay video của máy cũng là điểm nổi bật với nhiều cải tiến đem đến các khung hình mượt mà, ổn định hình ảnh chất lượng. Với chế độ Siêu chống rung, Galaxy S10+ biến từng chuyển động thành video chất lượng tuyệt đỉnh, cho bạn những thước phim mượt mà. Camera selfie kép lần đầu tiên xuất hiện. Samsung Galaxy S10+ là chiếc máy cao cấp đầu tiên của Samsung sở hữu cho mình camera selfie kép. Máy có bộ đôi camera trước với ống kính kính 10 MP và ống kính phụ 8 MP cho phép bạn có thể chụp ảnh xóa phông ngay với camera selfie.','samsung-galaxy-s10-plus-white-400x460.png','20','2','2','6','Còn hàng');
insert into san_pham(ten_san_pham, demo, gia_niem_yet, sale, gia_ban, ngay_cap_nhat, nam_san_xuat, xuat_xu, noi_san_xuat, thong_so_ky_thuat, gioi_thieu_chung, tieu_de_1, mo_ta_ct1, tieu_de_2, mo_ta_ct2, tieu_de_3, mo_ta_ct3, hinh_anh_1, so_luong, id_ncc, id_nsx, id_lsp, tinh_trang) values ('Samsung Galaxy Note 10+','0','26990000','11','23990000','2019/10/15','2019','Việt Nam','Nhà máy Samsung Bắc Ninh - Việt Nam','Màn hình: 6.8", Quad HD+ (2K+) CPU: Exynos 9825 8 nhân RAM: 12 GB, ROM: 256 GB Camera: Chính 12 MP & Phụ 12 MP, 16 MP, TOF 3D Selfie: 10 MP PIN: 4300 mAh, có sạc nhanh','Trông ngoại hình khá giống nhau, tuy nhiên Samsung Galaxy Note 10+ sở hữu khá nhiều điểm khác biệt so với Galaxy Note 10 và đây được xem là một trong những chiếc máy đáng mua nhất trong năm 2019, đặc biệt dành cho những người thích một chiếc máy màn hình lớn, camera chất lượng hàng đầu.','Camera đứng đầu thế giới','DxOMark là chuyên trang đánh giá camera uy tín thế giới mới đây đã khẳng định, Galaxy Note 10+ là chiếc smartphone có camera tốt nhất hiện nay. Galaxy Note 10+ có camera chính 12 MP với khẩu độ có thể thay đổi từ F/1.5 – F/2.4, hỗ trợ chống rung quang học OIS và tự động lấy nét dual-pixel. Tiếp theo là cảm biến camera góc siêu rộng 16 MP khẩu độ F/2.2 cùng ống kính tele 12 MP khẩu độ F/2.1 và nó cũng có thêm 1 cảm biến 3D ToF, điều mà Samsung Galaxy Note 10 không được trang bị. Samsung đã cải thiện các thuật toán xử lý bên trong phần mềm giúp máy có khả năng phơi sáng tốt, nhất quán và chính xác cho dù trong điều kiện ánh sáng thế nào. Galaxy Note 10+ cũng hỗ trợ zoom quang 2x, nó có thể chụp hình ảnh với màu sắc sống động, độ chi tiết cao và độ nhiễu thấp. Galaxy Note 10+ cũng có một tính năng mới là Live Focus Video cho phép áp dụng hiệu ứng bokeh vào các video quay được cũng như hình ảnh, cùng các hiệu ứng khác như thay đổi màu phông nền. Galaxy Note 10+ vẫn còn những tính năng mới khác như chế độ AR cho phép vẽ lên các video gọi là AR Doodle, tính năng phóng to mic để thu âm thanh rõ hơn ở từng phần cụ thể của cảnh khi đang quay video. Galaxy Note 10+ có tính năng Siêu chống rung cực ấn tượng, giúp người dùng có được những thước phim mượt mà, giảm thiểu tối đa sự giật lag ảnh hưởng tới sự tập trung khi xem. Camera selfie 10 MP ở mặt trước với tính năng làm đẹp được tích hợp sẵn hứa hẹn sẽ không làm người dùng phải thất vọng với chất lượng ảnh mang lại.','Công nghệ sạc nhanh Superfast Charge 45W','Samsung Galaxy Note 10+ chính là smartphone duy nhất tại thời điểm hiện tại hỗ trợ sạc nhanh lên tới 45W của Samsung. Công nghệ sạc nhanh Superfast Charge mới này cung cấp nhiều năng lượng hơn so với chuẩn sạc xuất hiện trên các flagship Samsung trước đây. Nhanh gấp ba lần Adaptive Fast Charge và nhanh hơn 6 lần so với sạc qua cổng USB tiêu chuẩn. Công nghệ sạc siêu nhanh này giúp bạn có thể sạc đầy viên pin có dung lượng 4300 mAh của máy chỉ trong chưa đầy một giờ đồng hồ. Khi mà dung lượng pin đang tụt lại phía sau so với những cải tiến về camera hay cấu hình thì việc hỗ trợ công nghệ sạc nhanh đến như vậy cũng sẽ giúp người dùng Samsung phần nào bớt được thời gian chờ đợi nạp năng lượng cho máy. Bạn cũng cần lưu ý là máy chỉ đi kèm với cục sạc 25W và để sử dụng công nghệ sạc nhanh tối đa này thì bạn phải mua thêm củ sạc 45W bên ngoài nhưng dù sao hỗ trợ sạc nhanh tới 45W đã là điểm cộng quá lớn so với những chiếc máy đầu bảng khác.','Màn hình lớn thoải mái sử dụng','Samsung Galaxy Note 10+ là một chiếc điện thoại rất lớn, rất có thể là chiếc điện thoại lớn nhất bạn từng sử dụng, với màn hình AMOLED Infinity-O 6.8 inch có độ phân giải 3.040 x 1.440 pixels (498 ppi). Công nghệ màn hình Dynamic AMOLED tiên tiến này còn cho ra màn hình ít ánh sáng xanh hơn nhằm giúp mắt thoải mái. Màn hình hỗ trợ cả nội dung HDR10+ vì thế các chương trình phim ảnh, game và các nội dung khác được hiển thị rất đẹp. Với thiết kế những cạnh tròn ở mặt sau khiến điện thoại rất thoải mái khi cầm, trong trường hợp bạn có bàn tay đủ lớn để cầm và giữ nó. Mặt sau của Note 10+ được làm bằng kính, còn khung thì được làm bằng kim loại, mang đến sự tinh tế và sang trọng cho điện thoại. Galaxy Note 10+ có hỗ trợ chuẩn chống nước, chống bụi IP68 vì thế có thể sử dụng ở bãi biển mà không sợ bắn nước hay các xâm nhập vào các cổng kết nối.','samsung-galaxy-note-10-plus-blue-400x460.png','20','2','2','7','Còn hàng');
insert into san_pham(ten_san_pham, demo, gia_niem_yet, sale, gia_ban, ngay_cap_nhat, nam_san_xuat, xuat_xu, noi_san_xuat, thong_so_ky_thuat, gioi_thieu_chung, tieu_de_1, mo_ta_ct1, tieu_de_2, mo_ta_ct2, tieu_de_3, mo_ta_ct3, hinh_anh_1, so_luong, id_ncc, id_nsx, id_lsp, tinh_trang) values ('Samsung Galaxy Note 10','0','22990000','13','19990000','2019/10/15','2019','Việt Nam','Nhà máy Samsung Bắc Ninh - Việt Nam','Màn hình: 6.3", Full HD+ CPU: Exynos 9825 8 nhân RAM: 8 GB, ROM: 256 GB Camera: Chính 12 MP & Phụ 12 MP, 16 MP Selfie: 10 MP PIN: 3500 mAh, có sạc nhanh','Nếu như từ trước tới nay dòng Galaxy Note của Samsung thường ít được các bạn nữ sử dụng bởi kích thước màn hình khá lớn khiến việc cầm nắm trở nên khó khăn thì Samsung Galaxy Note 10 sẽ là chiếc smartphone nhỏ gọn, phù hợp với cả những bạn có bàn tay nhỏ.','Màn hình tràn viền tuyệt đẹp','Màn hình trên Galaxy Note 10 là đánh dấu sự đổi mới về thiết kế của Samsung. Không giống với cách đục lỗ góc phải trên S10, chiếc Note 10 đưa camera selfie ra chính giữa, kèm theo viền màn hình Infinity-O này cũng được mỏng hơn đáng kể. Máy có kích thước 6.3 inch cùng độ phân giải Full HD+, được trang bị tấm nền Dynamic AMOLED mang lại màu sắc đậm đà và sống động hơn. Công nghệ Dynamic AMOLED này còn cho ra màn hình ít ánh sáng xanh hơn nhằm giúp mắt thoải mái. Bên cạnh đó, nhờ được hỗ trợ HDR10+ nên Note 10 có thể cải thiện độ chính xác màu tốt hơn và cho ra hình ảnh đẹp hơn.','Thiết kế với màu gradient bóng bẩy','Dòng Note 10 là sản phẩm đầu tiên của Samsung áp dụng thiết kế màu gradient rất thu hút người dùng. Samsung không đơn thuần là phủ lên mặt lưng màu gradient có chuyển đổi sắc độ từ màu này sang màu khác, hay từ đậm sang nhạt hơn. Lớp màu mà Samsung phủ lên nó có thể phản chiếu lại ánh sáng, để cho ra gần như là đầy đủ các màu sắc tuỳ vào độ nghiêng và mức độ ánh sáng chiếu vào. Samsung Galaxy Note 10 được gia công bằng chất liệu kim loại, với mặt trước và mặt sau được bao phủ bởi lớp kính Gorilla Glass giúp máy trông bóng bẩy và bền vững. Bên cạnh đó, với khối lượng là 168 g thì cũng không quá nặng khi cầm trên tay, cho nên bạn có thể sử dụng dễ dàng hay mang theo bên mình.','Bút S Pen “thần thánh” ngày càng nhiều "phép"','Bút S Pen vốn là phụ kiện đặc trưng của Galaxy Note mà iPhone hay bất kỳ dòng smartphone nào khác chưa từng sở hữu. Và ở Note 10, bên cạnh được tích hợp Bluetooth cực tiện lợi, cây bút này còn được cải tiến khá nhiều với cảm biến gia tốc và con quay hồi chuyển độc lập ngay trong kết cấu, nhằm mang lại những trải nghiệm cao cho người dùng. Ngoài những thao tác điều khiển máy từ xa bằng cách chạm, gõ như Samsung đã giới thiệu trên Note 9, bút S Pen của Note 10 nay còn có thể thực hiện nhiều hơn thế với động tác vẫy, uốn tay nhờ những cảm biến này. Ví dụ ứng dụng camera trên máy hỗ trợ kết nối với S Pen, cho phép bạn biến bút S Pen thành công cụ giúp bạn điều chỉnh ống kính camera, thay đổi màu sắc, zoom,... giống như đang thao tác bằng tay.','samsung-galaxy-note-10-silver-400x460.png','20','2','2','7','Con hang');
insert into san_pham(ten_san_pham, demo, gia_niem_yet, sale, gia_ban, ngay_cap_nhat, nam_san_xuat, xuat_xu, noi_san_xuat, thong_so_ky_thuat, gioi_thieu_chung, tieu_de_1, mo_ta_ct1, tieu_de_2, mo_ta_ct2, tieu_de_3, mo_ta_ct3, hinh_anh_1, so_luong, id_ncc, id_nsx, id_lsp, tinh_trang) values ('Samsung Galaxy Note 10 Lite','0','13990000','2','13690000','2019/10/15','2019','Việt Nam','Nhà máy Samsung Bắc Ninh - Việt Nam','Màn hình: 6.7", Full HD+ CPU: Exynos 9810 8 nhân RAM: 8 GB, ROM: 128 GB Camera: Chính 12 MP & Phụ 12 MP, 12 MP Selfie: 32 MP PIN: 4500 mAh, có sạc nhanh','Sau bao đồn đoán và trông ngóng thì cuối cùng "người em út" trong series Note 10 cũng đã chính thức trình làng với tên gọi Samsung Galaxy Note 10 Lite với những thay đổi nhất định về ngoại hình.','Ngoại hình mới mẻ theo xu thế','Samsung Galaxy Note 10 Lite nhìn chung vẫn sở hữu thiết kế quen thuộc của dòng Note 10 series ở mặt trước với rất ít viền xung quanh, các góc được bo tròn, một camera selfie nằm trong lỗ đục chính giữa. Tuy nhiên điểm khác biệt sẽ tới từ mặt lưng thay vì cụm camera đặt dọc như những phiên bản trước thì Samsung đã làm hình chữ nhật trông thu hút và hầm hố hơn. Máy cũng sẽ không còn kiểu thiết kế cong ở 2 cạnh của màn hình mà thay vào đó là thiết kế phẳng tương tự như các sản phẩm cận cao cấp khác. Nhưng không vì đó mà kém phần sang trọng nhờ mặt kính bóng bẩy và màu sắc hút mắt người nhìn. Một chi tiết khác cũng rất đáng chú ý là màn hình Infinity-O trên chiếc smartphone Samsung này lớn hơn nhiều so với Samsung Galaxy Note 10 tiêu chuẩn (6.3 inch) và chỉ nhỏ hơn một chút so với phiên bản Plus (6.8 inch). Điều này giúp bạn vẫn có một không gian thoải mái để làm việc và giải trí cả ngày. Máy cũng được trang bị cảm biến vân tay bên dưới màn hình giúp người dùng mở khóa rất nhanh chóng và thuận tiện. Một điểm chắc chắn sẽ khiến các SamFan hài lòng khi Note 10 Lite đã mang jack cắm tai nghe quay trở lại khi gia đình Note 10 series trước đó đã bị loại bỏ chi tiết đó.','Camera chất lượng hàng đầu','Camera luôn là một trong những điểm người dùng Galaxy Note rất hài lòng và trên chiếc smartphone mới này cũng không phải là một ngoại lệ. Chúng ta sẽ có cảm biến chính 12 MP được Samsung "bê" nguyên từ chiếc Note 8 lên đảm bảo cho bạn chất lượng ảnh sắc nét. Bên cạnh đó chúng ta vẫn sẽ có cảm biến góc siêu rộng 12 MP f/2.2 tương tự như trên chiếc Galaxy Note 10 cho bạn thoải mái sáng tạo những góc chụp mới lạ. Và nếu bạn muốn chụp xa hơn mà không muốn di chuyển thì camera tele 2x 12 MP f/2.4 sẽ là trợ thủ đắc lực dành cho bạn. Những ai là tín đồ của selfie chắc hẳn sẽ rất vui với camera trước độ phân giải lên tới 32 MP lớn hơn rất nhiều con số 10 MP như trên Note 10.','Tất nhiên không thể thiếu S-Pen','Điểm "ăn tiền" nhất trên Galaxy Note 10 Lite có lẽ chính là sự xuất hiện của chiếc bút S-Pen thần thánh. S-Pen giúp bạn rất nhiều trong các công việc hằng ngày như ghi chú nhanh ngay cả khi màn hình khóa, tạo hiệu ứng hình động với các nét vẽ mà hiếm chiếc smartphone nào có. Bên cạnh đó với khả năng kết nối qua Bluetooth thì bạn cũng có thể sử dụng S-Pen như một chiếc điều khiển từ xa để tự chụp hình rất hữu dụng.','samsung-galaxy-note-10-lite-chi-tiet-1-400x460.png','20','2','2','7','Còn hàng');
insert into san_pham(ten_san_pham, demo, gia_niem_yet, sale, gia_ban, ngay_cap_nhat, nam_san_xuat, xuat_xu, noi_san_xuat, thong_so_ky_thuat, gioi_thieu_chung, tieu_de_1, mo_ta_ct1, tieu_de_2, mo_ta_ct2, tieu_de_3, mo_ta_ct3, hinh_anh_1, so_luong, id_ncc, id_nsx, id_lsp, tinh_trang) values ('Samsung Galaxy A71','0','10490000','14','8990000','2019/10/15','2019','Việt Nam','Nhà máy Samsung Bắc Ninh - Việt Nam','Màn hình: 6.7", Full HD+ CPU: Snapdragon 730 8 nhân RAM: 8 GB, ROM: 128 GB Camera: Chính 64 MP & Phụ 12 MP, 5 MP, 5 MP Selfie: 32 MP PIN: 4500 mAh, có sạc nhanh','Sau A51, Samsung tiếp tục ra mắt Galaxy A71 là đại diện kế tiếp thuộc thế hệ smartphone Galaxy A 2020. Máy được cải tiến với camera macro siêu cận đột phá, camera chính lên đến 64 MP cùng thiết kế thời thượng và cao cấp.','Màn hình lớn, trải nghiệm tràn viền cực đã','Galaxy A71 sở hữu màn hình tràn viền Infinity-O với rãnh camera được đặt chính giữa tương tự như trên flagship Note 10. Điểm cộng là phần rãnh camera nay đã được làm rất nhỏ, ít gây chú ý, cho trải nghiệm hình ảnh thoải mái và ít bị phân tâm hơn. Nốt ruồi trên Samsung Galaxy A71 Kích thước màn hình lên đến 6.7 inch, được "phóng lớn" so với Galaxy A51 (6.5 inch), cho không gian trải nghiệm thoải mái và đã mắt. Tấm nền Super AMOLED độ phân giải Full HD+ mang lại độ tương phản tốt, màu đen sâu và hình ảnh được tái hiện rực rỡ, nịnh mắt hơn. Thiết bị cũng sở hữu cảm biến vân tay quang học được đặt ngay dưới màn hình theo xu hướng hiện nay. Vị trí đặt vân tay quen thuộc và thuận tiện để thao tác.','Dẫn đầu xu hướng thiết kế 2020','Tổng thể Galaxy A71 toát lên vẻ sang trọng và thời thượng. Điện thoại sở hữu mặt lưng bóng bẩy với họa tiết vân hình kim cương nổi bật phía sau. Hiệu ứng chuyển màu cũng được làm rất vừa phải và tinh tế. Cụm camera sau của A71 được sắp xếp theo hình chữ L, đặt gọn gàng trong ô chữ nhật lớn nổi bật. Đây gần như sẽ là phong cách thiết kế chủ đạo của Samsung trong năm 2020.','Hiệu năng mạnh mẽ, lưu trữ thoải mái','Samsung Galaxy A71 sử dụng chip Qualcomm Snapdragon 730 - một con chip cận cao cấp, vẫn đáp ứng được tốt hiệu năng xử lý các công việc hàng ngày, chơi mượt các game phổ biến như PUBG, Liên Quân. Dung lượng RAM 8 GB cho phép máy hoạt động trơn tru kể cả khi dùng nhiều ứng dụng cùng lúc, vừa đọc báo vừa nhắn tin, mở nhiều tab trình duyệt... A71 sở hữu bộ nhớ 128 GB - cho bạn không gian lưu trữ thoải mái trên điện thoại, cài đặt nhiều ứng dụng không lo bị đầy.','samsung-galaxy-a71-blue-400x460-400x460-1-400x460.png','20','2','2','8','Còn hàng');
insert into san_pham(ten_san_pham, demo, gia_niem_yet, sale, gia_ban, ngay_cap_nhat, nam_san_xuat, xuat_xu, noi_san_xuat, thong_so_ky_thuat, gioi_thieu_chung, tieu_de_1, mo_ta_ct1, tieu_de_2, mo_ta_ct2, tieu_de_3, mo_ta_ct3, hinh_anh_1, so_luong, id_ncc, id_nsx, id_lsp, tinh_trang) values ('Samsung Galaxy A51 6GB','0','7990000','9','7290000','2019/10/15','2019','Việt Nam','Nhà máy Samsung Bắc Ninh - Việt Nam','Màn hình: 6.5", Full HD+ CPU: Exynos 9611 8 nhân RAM: 6 GB, ROM: 128 GB Camera: Chính 48 MP & Phụ 12 MP, 5 MP, 5 MP Selfie: 32 MP PIN: 4000 mAh, có sạc nhanh','Samsung đã ra mắt điện thoại Samsung Galaxy A51 mở đầu cho thế hệ Galaxy A 2020 hướng tới giới trẻ hiện đại, thời thượng. Máy sở hữu cụm 4 camera, bao gồm camera macro chụp cận cảnh lần đầu xuất hiện trên smartphone Galaxy, màn hình tràn viền vô cực cùng mặt lưng họa tiết kim cương nổi bật','Thiết kế thời thượng, bật cá tính','Máy có thiết kế mỏng nhẹ thuộc hàng top trong phân khúc, chỉ 7.9 mm. Mặt lưng với họa tiết cắt kim cương đa sắc nổi bật, đi kèm là 3 tùy chọn màu sắc sành điệu: Xanh Crush Đa Sắc, Trắng Crush Lấp Lánh, Đen Crush Kim Cương. Galaxy A51 là một trong những chiếc điện thoại mỏng nhẹ bậc nhất. Màn hình của Galaxy A51 hứa hẹn mang đến trải nghiệm hình ảnh tuyệt vời nhờ màn hình tràn viền vô cực Infinity-O 6.5 inch. Độ phân giải FullHD+ tái hiện hình ảnh rõ ràng sắc nét. Bên cạnh đó tấm nền Super AMOLED cho màu đen sâu, có tùy chọn màu sắc tươi sáng hoặc tiêu chuẩn theo sở thích người dùng. Mặc dù sở hữu màn hình lớn, nhưng việc cầm nắm Galaxy A51 không trở nên khó khăn nhờ viền màn hình được làm mỏng đến tối đa. Máy cũng sở hữu cảm biến vân tay nhúng trực tiếp trong màn hình hiện đại, vị trí đặt cảm biến dễ thao tác và nhận dạng được cả khi tay đang ướt.','Camera cận cảnh đột phá','So với thế hệ tiền nhiệm, Galaxy A51 được bổ sung Camera Macro có độ phân giải 5 MP để bạn tự do sáng tạo, ghi lại những khoảnh khắc đẹp đến từng chi tiết nhỏ và đậm chất nghệ thuật từ thế giới xung quanh. Ngoài ra cụm 3 camera còn lại của smartphone cũng đảm đương tốt nhiệm vụ. Camera chính với độ phân giải 48 MP đảm bảo mang lại những hình ảnh siêu rõ nét. Kết hợp với công nghệ AI tự động nhận diện các khung cảnh chụp khác nhau và đưa ra các tùy chỉnh cho bức ảnh đạt chất lượng tối ưu nhất. Camera góc rộng 123 độ 12 MP chân thật như mắt nhìn hỗ trợ chụp kiến trúc, ảnh nhóm mà không phải lùi ra quá xa. Camera cảm biến chiều sâu 5 MP cho phép xóa phông chính xác và mượt mà hơn. Camera trước của máy có độ phân giải lên đến 32 MP, hỗ trợ đầy đủ các tính năng làm đẹp bằng AI, xóa phông cho bạn các bức hình selfie ấn tượng.','Cấu hình mạnh mẽ, trải nghiệm không gián đoạn','Về cấu hình, Samsung Galaxy A51 được trang bị chip Exynos 9611 8 nhân, với RAM 6 GB, ROM 128 GB. Với cấu hình này có thể đảm bảo các tác vụ hàng ngày đều được thực hiện mượt mà, các tựa game mobile phổ biến như PUBG hay Liên Quân cũng không thể làm khó chiếc máy. Samsung Galaxy A51 sở hữu viên pin dung lượng 4.000 mAh, thỏa sức sử dụng suốt ngày dài. Ngoài ra, A51 còn được tích hợp công nghệ sạc nhanh 15W, giúp rút ngắn thời gian sạc pin cho máy.','samsung-galaxy-a51-white-1-400x460.png','20','2','2','8','Còn hàng');
insert into san_pham(ten_san_pham, demo, gia_niem_yet, sale, gia_ban, ngay_cap_nhat, nam_san_xuat, xuat_xu, noi_san_xuat, thong_so_ky_thuat, gioi_thieu_chung, tieu_de_1, mo_ta_ct1, tieu_de_2, mo_ta_ct2, tieu_de_3, mo_ta_ct3, hinh_anh_1, so_luong, id_ncc, id_nsx, id_lsp, tinh_trang) values ('Samsung Galaxy A10S','0','0','0','3690000','2019/10/15','2019','Việt Nam','Nhà máy Samsung Bắc Ninh - Việt Nam','Màn hình: 6.2", HD+ CPU: MediaTek MT6762 8 nhân (Helio P22) RAM: 2 GB, ROM: 32 GB Camera: Chính 13 MP & Phụ 2 MP Selfie: 8 MP PIN: 4000 mAh, không sạc nhanh','Samsung Galaxy A10s là bản nâng cấp của chiếc Galaxy A10 đã ra mắt trước đó với camera kép, dung lượng pin lớn hơn và đã được trang bị thêm cảm biến vân tay.','Pin trâu không lo ngắt quãng trải nghiệm','Samsung đã trang bị cho Galaxy A10s viên pin 4000 mAh. Viên pin này cho phép bạn xài thoải mái trong suốt cả một ngày dài làm việc. Máy cũng được trang bị sẵn chế độ tiết kiệm pin giúp bạn có thể sử dụng được lâu hơn với các tác vụ cơ bản. Con chip đi kèm trên máy là MediaTek MT6762 8 nhân 64-bit (Helio P22) cho phép máy xử lý tác vụ trơn tru, phân bố sức mạnh xử lý cho từng công việc khác nhau để tiết kiệm pin hiệu quả.','Camera kép cho khả năng chụp xóa phông','Với những chiếc máy giá rẻ thì hiếm có chiếc smartphone nào lại sở hữu cho mình camera kép như trên Samsung Galaxy A10s. Ngoài cảm biến 13 MP như trên người anh em A10 thì A10s có thêm cảm biến 2 MP hỗ trợ đo chiều sâu mang lại cho người dùng khả năng chụp ảnh xóa phông ảo diệu. Giờ đây bạn có thể thoải mái ghi lại cho mình những bức ảnh nghệ thuật hơn với chế độ chụp ảnh chân dung trên máy. Bên cạnh đó camera trước cũng được nâng độ phân giải lên 8 MP. Hình ảnh chụp ra sắc nét hơn, độ chi tiết cao hơn và chế độ làm đẹp đảm bảo bạn có thể chia sẻ ngay sau khi chụp.','Màn hình lớn, có thêm cảm biến vân tay','Ở mặt trước, chiếc smartphone Samsung này được trang bị một màn hình 6.2 inch, có ‘tai thỏ’ (notch) chứa camera selfie và có các viền cạnh xung quanh được làm mỏng (viền cạnh dưới hơi dày hơn một xíu). Mặc dù màn hình IPS TFT trên Galaxy A10s không cho màu sắc sinh động như AMOLED nhưng lại có được độ bền khá ổn, đồng thời nó còn hiển thị khá tốt dưới ánh nắng mặt trời. Chiếc máy còn sở hữu mặt lưng được bo cong và có 4 góc cạnh được bo tròn, mang đến cảm giác cầm nắm dễ chịu. Khi khởi động Galaxy A10, bạn sẽ thấy các phím điều hướng đã được tích hợp sẵn bên trong màn hình khá tiện lợi. Một nâng cấp đáng chú ý khác là máy sở hữu cho mình cảm biến vân tay ở mặt lưng, điều này giúp người dùng dễ dàng mở khóa hơn so với việc nhập mật khẩu như truyền thống. Bên cạnh đó bạn cũng có thể sử dụng tính năng mở khóa khuôn mặt với tốc độ nhận diện khá nhanh và chính xác.','samsung-galaxy-a10s-400x460.png','15','2','2','9','Còn hàng');
#Đồng hồ casio
insert into san_pham(ten_san_pham, demo, gia_niem_yet, sale, gia_ban, ngay_cap_nhat, nam_san_xuat, xuat_xu, noi_san_xuat, thong_so_ky_thuat, gioi_thieu_chung, tieu_de_1, mo_ta_ct1, tieu_de_2, mo_ta_ct2, tieu_de_3, mo_ta_ct3, hinh_anh_1, so_luong, id_ncc, id_nsx, id_lsp, tinh_trang) values ('Casio LA670WA-7SDF - Nữ đường kính 24.3 mm','0','870000','10%','783000','2019/05/02','2019','Thái Lan','Nhà máy Casio Chengmai- Thái Lan','Chất liệu mặt: Nhựa Loại dây: Hợp kim Thời gian sử dụng pin: Khoảng 7 năm Chống nước: 5 ATM - Rửa tay, đi mưa, tắm','Casio là một thương hiệu của Nhật Bản. Thành lập vào tháng 4 năm 1946. Casio là công ty thiết bị điện tử, nổi tiếng với các sản phẩm như đồng hồ, máy tính cầm tay, thiết bị âm thanh, nhạc cụ. Đồng hồ Casio thiết kế da dạng, độ bền cao với nhiều dòng khác nhau như G-shock, Baby-G,...đều có doanh số khổng lồ và rất phổ biến ở thị trường Việt Nam.','Tinh hoa của sự sáng tạo','Thương hiệu đồng hồ nổi tiếng đến từ Nhật Bản không ngừng cải tiến và cho ra mắt những dòng sản phẩm chất lượng phù hợp với nhiều đối tượng khách hàng. Những dòng sản phẩm nổi tiếng của Casio là: G-Shock với thiết kế mạnh mẽ cùng độ bền cao, Edifice thiết kế hiện đại cùng nhiều tính năng vượt trội, Sheen với thiết kế cổ điển và sang trọng,…','Thiết kế thanh lịch, nữ tính, thích hợp với các bạn nữ dịu dàng, nữ tính','Casio LA670WA-7SDF là một sản phẩm của hãng đồng hồ Casio đến từ Nhật Bản.','Cứng cáp, hạn chế hư hỏng khi gặp phải tác động',' Mặt kính bền, nhẹ, có độ trong suốt cao, không bị lóa dưới ánh sáng mạnh. Khung viền bền bỉ, có khả năng hạn chế hư hỏng khi va chạm hoặc rơi ở độ cao vừa phải. Chống chịu nước 5 ATM, có thể đeo đồng hồ khi tắm rửa, đi mưa. Không nên đeo đồng hồ khi bơi lội. Đồng hồ được trang bị tính năng báo thức tiện lợi. Hỗ trợ xem giờ ban đêm với đèn led cực sáng. Đồng hồ bấm giờ với độ chính xác 1/10 giây. Dây đeo của chiếc đồng hồ nữ bền chắc, không kích ứng với da tay, có thể làm mới sau một thời gian sử dụng.','casio-la670wa-7sdf-bac-7-600x600.jpg','20','8','8','34','Còn hàng');
insert into san_pham(ten_san_pham, demo, gia_niem_yet, sale, gia_ban, ngay_cap_nhat, nam_san_xuat, xuat_xu, noi_san_xuat, thong_so_ky_thuat, gioi_thieu_chung, tieu_de_1, mo_ta_ct1, tieu_de_2, mo_ta_ct2, tieu_de_3, mo_ta_ct3, hinh_anh_1, so_luong, id_ncc, id_nsx, id_lsp, tinh_trang) values ('Casio MTP-V001L-7BDF - Nam đường kính 38 mm','0','588000','10%','529000','2019/05/02','2019','Thái Lan','Nhà máy Casio Chengmai- Thái Lan','Chất liệu mặt: Kính khoáng (Mineral) Loại dây: Da Thời gian sử dụng pin: Khoảng 2 năm Chống nước: 3 ATM - Rửa tay, đi mưa','Casio là một thương hiệu của Nhật Bản. Thành lập vào tháng 4 năm 1946. Casio là công ty thiết bị điện tử, nổi tiếng với các sản phẩm như đồng hồ, máy tính cầm tay, thiết bị âm thanh, nhạc cụ. Đồng hồ Casio thiết kế da dạng, độ bền cao với nhiều dòng khác nhau như G-shock, Baby-G,...đều có doanh số khổng lồ và rất phổ biến ở thị trường Việt Nam.','Tinh hoa của sự sáng tạo','Thương hiệu đồng hồ nổi tiếng đến từ Nhật Bản không ngừng cải tiến và cho ra mắt những dòng sản phẩm chất lượng phù hợp với nhiều đối tượng khách hàng. Những dòng sản phẩm nổi tiếng của Casio là: G-Shock với thiết kế mạnh mẽ cùng độ bền cao, Edifice thiết kế hiện đại cùng nhiều tính năng vượt trội, Sheen với thiết kế cổ điển và sang trọng,…','Phong cách thiết kế','Thiết kế đơn giản, màu sắc sang trọng, thanh lịch, phù hợp với các bạn nam trẻ trung, cá tính. Đồng hồ nam Casio MTP-V001L-7BUDF mang thương hiệu Casio nổi tiếng của Nhật Bản.','Đồng hồ có độ bền cao, chịu lực, chịu nhiệt tốt','Khung viền chống va đập, chắc chắn, khả năng chống gỉ bảo vệ đồng hồ nam luôn sáng bóng, tuổi thọ cao. Mặt kính trong suốt, cứng cáp, hạn chế trầy xước và nứt vỡ trước va chạm nhẹ, đánh bóng dễ dàng. Độ chống nước 3 ATM cho phép bạn đeo đồng hồ Casio đi mưa, rửa tay. Không đeo khi tắm, bơi lội, lặn. Dây đeo đồng hồ Casio nam êm nhẹ, ôm trọn cổ tay tạo cảm giác thoải mái, khóa cài thao tác đơn giản','casio-mtp-v001l-7budf-nam-avatar-1-600x600.jpg','50','8','8','34','Còn hàng');
insert into san_pham(ten_san_pham, demo, gia_niem_yet, sale, gia_ban, ngay_cap_nhat, nam_san_xuat, xuat_xu, noi_san_xuat, thong_so_ky_thuat, gioi_thieu_chung, tieu_de_1, mo_ta_ct1, tieu_de_2, mo_ta_ct2, tieu_de_3, mo_ta_ct3, hinh_anh_1, so_luong, id_ncc, id_nsx, id_lsp, tinh_trang) values ('Casio MTP-V005L-7BUDF - Nam đường kính 40 mm','0','658000','10%','592000','2019/05/02','2019','Thái Lan','Nhà máy Casio Chengmai- Thái Lan','Chất liệu mặt: Kính khoáng (Mineral) Loại dây: Da Thời gian sử dụng pin: Khoảng 2 năm Chống nước: 3 ATM - Rửa tay, đi mưa','Casio là một thương hiệu của Nhật Bản. Thành lập vào tháng 4 năm 1946. Casio là công ty thiết bị điện tử, nổi tiếng với các sản phẩm như đồng hồ, máy tính cầm tay, thiết bị âm thanh, nhạc cụ. Đồng hồ Casio thiết kế da dạng, độ bền cao với nhiều dòng khác nhau như G-shock, Baby-G,...đều có doanh số khổng lồ và rất phổ biến ở thị trường Việt Nam.','Tinh hoa của sự sáng tạo','Thương hiệu đồng hồ nổi tiếng đến từ Nhật Bản không ngừng cải tiến và cho ra mắt những dòng sản phẩm chất lượng phù hợp với nhiều đối tượng khách hàng. Những dòng sản phẩm nổi tiếng của Casio là: G-Shock với thiết kế mạnh mẽ cùng độ bền cao, Edifice thiết kế hiện đại cùng nhiều tính năng vượt trội, Sheen với thiết kế cổ điển và sang trọng,…','Phong cách thiết kế','Đơn giản và tinh tế thích hợp với các bạn nam thanh lịch, hiện đại. Đồng hồ nam Casio MTP-V005L-7BUDF thuộc hãng Casio đến từ Nhật Bản, sẽ khiến bạn hài lòng về chất lượng mà chiếc đồng hồ mang lại.','Bảo vệ tốt các chi tiết bên trong trước những va chạm thông thường','Khung viền chắc chắn, chịu va đập tốt, chống oxi hóa tốt, dễ lau chùi khi bám bụi. Mặt kính đồng hồ Casio nam trong suốt và có độ cứng cao, hạn chế nứt vỡ khi rơi ở độ cao vừa phải. An tâm khi đi dưới trời mưa nhỏ và rửa tay nhờ khả năng chống nước 3 ATM, không đeo đồng hồ Casio khi đi tắm. Thoải mái suốt ngày dài với dây đeo đồng hồ nam nhẹ nhàng, êm ái, thiết kế ôm tay tốt','casio-mtp-v005l-7budf-nam-avatar-1-600x600.jpg','50','8','8','34','Còn hàng');
insert into san_pham(ten_san_pham, demo, gia_niem_yet, sale, gia_ban, ngay_cap_nhat, nam_san_xuat, xuat_xu, noi_san_xuat, thong_so_ky_thuat, gioi_thieu_chung, tieu_de_1, mo_ta_ct1, tieu_de_2, mo_ta_ct2, tieu_de_3, mo_ta_ct3, hinh_anh_1, so_luong, id_ncc, id_nsx, id_lsp, tinh_trang) values ('Casio LTP-1314D-1AVDF - Nữ đường kính 33 mm','0','1222000','30%','855000','2019/05/02','2019','Thái Lan','Nhà máy Casio Chengmai- Thái Lan','Chất liệu mặt: Kính khoáng (Mineral) Loại dây: Hợp kim Thời gian sử dụng pin: Khoảng 2 năm Chống nước: 5 ATM - Rửa tay, đi mưa, tắm','Casio là một thương hiệu của Nhật Bản. Thành lập vào tháng 4 năm 1946. Casio là công ty thiết bị điện tử, nổi tiếng với các sản phẩm như đồng hồ, máy tính cầm tay, thiết bị âm thanh, nhạc cụ. Đồng hồ Casio thiết kế da dạng, độ bền cao với nhiều dòng khác nhau như G-shock, Baby-G,...đều có doanh số khổng lồ và rất phổ biến ở thị trường Việt Nam.','Tinh hoa của sự sáng tạo','Thương hiệu đồng hồ nổi tiếng đến từ Nhật Bản không ngừng cải tiến và cho ra mắt những dòng sản phẩm chất lượng phù hợp với nhiều đối tượng khách hàng. Những dòng sản phẩm nổi tiếng của Casio là: G-Shock với thiết kế mạnh mẽ cùng độ bền cao, Edifice thiết kế hiện đại cùng nhiều tính năng vượt trội, Sheen với thiết kế cổ điển và sang trọng,…','Phong cách thiết kế','Đơn giản và sang trọng thích hợp với mọi cô nàng hiện đại, thời thượng. Đồng hồ Casio LTP-1314D-1AVDF đến từ hãng Casio - Nhật Bản, sẽ khiến bạn hài lòng về chất lượng mà chiếc đồng hồ mang lại.','Lớp vỏ ngoài cứng cáp giúp đồng hồ có khả năng chịu va đập tốt',' Mặt kính có độ trong suốt tốt, cứng cáp, hạn chế nứt vỡ hay trầy xước khi va chạm nhẹ. Khung viền gia công chắc chắn, chịu lực tốt, chống oxi hóa và ăn mòn hiệu quả. Nhờ hệ số chống nước 5 ATM bạn có thể đeo đồng hồ khi tắm, rửa tay, đi mưa. Không nên đeo đồng hồ nữ khi bơi lội hay đi lặn. Xác định thời gian chuẩn xác hơn với tiện ích lịch ngày trên đồng hồ Casio nữ. Dây đồng hồ Casio có độ bền cao, chắc chắn, dễ lau chùi, cho cảm giác mát tay khi đeo','casio-ltp-1314d-1avdf-nu-avatar-1-600x600.jpg','50','8','8','34','Còn hàng');
insert into san_pham(ten_san_pham, demo, gia_niem_yet, sale, gia_ban, ngay_cap_nhat, nam_san_xuat, xuat_xu, noi_san_xuat, thong_so_ky_thuat, gioi_thieu_chung, tieu_de_1, mo_ta_ct1, tieu_de_2, mo_ta_ct2, tieu_de_3, mo_ta_ct3, hinh_anh_1, so_luong, id_ncc, id_nsx, id_lsp, tinh_trang) values ('Casio AW-80D-1AVDF - Nam đường kính 40 mm','0','1363000','30%','954000','2019/05/02','2019','Thái Lan','Nhà máy Casio Chengmai- Thái Lan','Chất liệu mặt: Kính khoáng (Mineral) Loại dây: Hợp kim Thời gian sử dụng pin: Khoảng 2 năm Chống nước: 5 ATM - Rửa tay, đi mưa, tắm','Casio là một thương hiệu của Nhật Bản. Thành lập vào tháng 4 năm 1946. Casio là công ty thiết bị điện tử, nổi tiếng với các sản phẩm như đồng hồ, máy tính cầm tay, thiết bị âm thanh, nhạc cụ. Đồng hồ Casio thiết kế da dạng, độ bền cao với nhiều dòng khác nhau như G-shock, Baby-G,...đều có doanh số khổng lồ và rất phổ biến ở thị trường Việt Nam.','Tinh hoa của sự sáng tạo','Thương hiệu đồng hồ nổi tiếng đến từ Nhật Bản không ngừng cải tiến và cho ra mắt những dòng sản phẩm chất lượng phù hợp với nhiều đối tượng khách hàng. Những dòng sản phẩm nổi tiếng của Casio là: G-Shock với thiết kế mạnh mẽ cùng độ bền cao, Edifice thiết kế hiện đại cùng nhiều tính năng vượt trội, Sheen với thiết kế cổ điển và sang trọng,…','Phong cách thiết kế','Thiết kế nam tính, lịch lãm, là phụ kiện thời trang lý tưởng cho các chàng trai năng động, hiện đại. Đồng hồ nam Casio AW-80D-1AVDF đến từ thương hiệu đồng hồ Casio uy tín và chất lượng của Nhật Bản.','Bộ khung bền bỉ, cứng cáp, bảo vệ an toàn các chi tiết bên trong','Mặt kính có độ trong suốt cao, chịu lực tốt, dễ dàng đánh bóng như mới sau thời gian sử dụng bị trầy xước. Khung viền đồng hồ Casio nam chống ăn mòn, chống oxi hóa hiệu quả, dễ lau chùi, vệ sinh. Thoải mái đeo khi tắm, đi mưa nhờ hệ số chống nước 5 ATM, không mang đồng hồ khi bơi, lặn. Đồng hồ nam được tích hợp báo thức hàng ngày rất hữu dụng. Chức năng bấm giờ hỗ trợ người dùng tập luyện thể thao hiệu quả hơn. Đèn led chiếu sáng mạnh, dễ dàng xem giờ trong điều kiện thiếu ánh sáng. Dây đeo có độ bền cao, chịu được mọi thời tiết khắc nghiệt, cho cảm giác mát tay khi mang','casio-aw-80d-1avdf-nam-avatar-1-600x600.jpg','50','8','8','34','Còn hàng');
insert into san_pham(ten_san_pham, demo, gia_niem_yet, sale, gia_ban, ngay_cap_nhat, nam_san_xuat, xuat_xu, noi_san_xuat, thong_so_ky_thuat, gioi_thieu_chung, tieu_de_1, mo_ta_ct1, tieu_de_2, mo_ta_ct2, tieu_de_3, mo_ta_ct3, hinh_anh_1, so_luong, id_ncc, id_nsx, id_lsp, tinh_trang) values ('Casio MTP-X300L-7EVDF - Nam đường kính 52.3 mm','0','2421000','10%','2178000','2019/05/02','2019','Thái Lan','Nhà máy Casio Chengmai- Thái Lan','Chất liệu mặt: Kính khoáng (Mineral) Loại dây: Da Thời gian sử dụng pin: Khoảng 2 năm Chống nước: 5 ATM - Rửa tay, đi mưa, tắm','Casio là một thương hiệu của Nhật Bản. Thành lập vào tháng 4 năm 1946. Casio là công ty thiết bị điện tử, nổi tiếng với các sản phẩm như đồng hồ, máy tính cầm tay, thiết bị âm thanh, nhạc cụ. Đồng hồ Casio thiết kế da dạng, độ bền cao với nhiều dòng khác nhau như G-shock, Baby-G,...đều có doanh số khổng lồ và rất phổ biến ở thị trường Việt Nam.','Tinh hoa của sự sáng tạo','Thương hiệu đồng hồ nổi tiếng đến từ Nhật Bản không ngừng cải tiến và cho ra mắt những dòng sản phẩm chất lượng phù hợp với nhiều đối tượng khách hàng. Những dòng sản phẩm nổi tiếng của Casio là: G-Shock với thiết kế mạnh mẽ cùng độ bền cao, Edifice thiết kế hiện đại cùng nhiều tính năng vượt trội, Sheen với thiết kế cổ điển và sang trọng,…','Phong cách thiết kế','Thiết kế tinh tế trong từng chi tiết, là sự lựa chọn đáng tin cậy dành cho các quý ông lịch lãm. Đồng hồ nam Casio MTP-X300L-7EVDF thuộc hãng Casio đến từ Nhật Bản, sẽ khiến bạn hài lòng về chất lượng mà chiếc đồng hồ mang lại.','Hạn chế hư hỏng khi va đập ở mức độ vừa phải','Mặt kính trong suốt với độ cứng cao, có thể đánh bóng lại như mới khi bị trầy xước nhẹ. Đồng hồ Casio có khung viền chắc chắn, chịu lực tốt, chống oxi hóa và ăn mòn hiệu quả. Khả năng chống nước 5 ATM, an toàn khi tắm, rửa tay và đi mưa, không đeo đồng hồ nam khi lặn, bơi. Xem giờ dễ dàng và thuận tiện hơn với định dạng giờ ở dạng 24 giờ trên đồng hồ Casio nam. Nắm bắt nhiều thông tin thời gian hơn với tiện ích lịch thứ và lịch ngày. Dây đồng hồ có trọng lượng nhẹ, êm ái và mềm mại, không gây khó chịu khi đeo trong thời gian dài','casio-mtp-x300l-7evdf-nam-avatar-1-600x600.jpg','30','8','8','33','Còn hàng');
insert into san_pham(ten_san_pham, demo, gia_niem_yet, sale, gia_ban, ngay_cap_nhat, nam_san_xuat, xuat_xu, noi_san_xuat, thong_so_ky_thuat, gioi_thieu_chung, tieu_de_1, mo_ta_ct1, tieu_de_2, mo_ta_ct2, tieu_de_3, mo_ta_ct3, hinh_anh_1, so_luong, id_ncc, id_nsx, id_lsp, tinh_trang) values ('Casio LTP-E315D-1AVDF - Nữ đường kính 52.3 mm','0','2703000','10%','1861000','2019/05/02','2019','Thái Lan','Nhà máy Casio Chengmai- Thái Lan','Chất liệu mặt: Kính khoáng (Mineral) Loại dây: Hợp kim Thời gian sử dụng pin: Khoảng 2 năm Chống nước: 5 ATM - Rửa tay, đi mưa, tắm','Casio là một thương hiệu của Nhật Bản. Thành lập vào tháng 4 năm 1946. Casio là công ty thiết bị điện tử, nổi tiếng với các sản phẩm như đồng hồ, máy tính cầm tay, thiết bị âm thanh, nhạc cụ. Đồng hồ Casio thiết kế da dạng, độ bền cao với nhiều dòng khác nhau như G-shock, Baby-G,...đều có doanh số khổng lồ và rất phổ biến ở thị trường Việt Nam.','Tinh hoa của sự sáng tạo','Thương hiệu đồng hồ nổi tiếng đến từ Nhật Bản không ngừng cải tiến và cho ra mắt những dòng sản phẩm chất lượng phù hợp với nhiều đối tượng khách hàng. Những dòng sản phẩm nổi tiếng của Casio là: G-Shock với thiết kế mạnh mẽ cùng độ bền cao, Edifice thiết kế hiện đại cùng nhiều tính năng vượt trội, Sheen với thiết kế cổ điển và sang trọng,…','Phong cách thiết kế','Tinh tế và nổi bật dành cho các cô nàng hướng đến phong cách sang trọng, thời thượng. Đồng hồ nữ Casio LTP-E315D-1AVDF mang thương hiệu Casio - Nhật Bản, giúp bạn tự tin thể hiện phong cách thời trang của bản thân.','Bền bỉ, khó móp méo trước những va chạm thông thường',' Mặt kính đồng hồ có độ trong suốt tốt, cứng cáp, hạn chế trầy xước khi va chạm nhẹ. Khung viền có độ bền tốt, chắc chắn, chống ăn mòn và oxi hóa hiệu quả, dễ lau chùi khi bám bụi. Khả năng chống nước 5 ATM, an toàn khi tắm, rửa tay và đi mưa, không nên đeo đồng hồ Casio khi lặn, bơi. Đồng hồ nữ định dạng 24 giờ hỗ trợ xem giờ thuận tiện hơn. Có thể quan sát lịch thứ và lịch ngày trực tiếp trên đồng hồ Casio nữ. Dây đeo có độ bền cao, chịu được mọi thời tiết, có thể đánh bóng lại khi bị trầy xước nhẹ','casio-ltp-e315d-1avdf-nu-avatar-1-600x600.jpg','40','8','8','33','Còn hàng');
insert into san_pham(ten_san_pham, demo, gia_niem_yet, sale, gia_ban, ngay_cap_nhat, nam_san_xuat, xuat_xu, noi_san_xuat, thong_so_ky_thuat, gioi_thieu_chung, tieu_de_1, mo_ta_ct1, tieu_de_2, mo_ta_ct2, tieu_de_3, mo_ta_ct3, hinh_anh_1, so_luong, id_ncc, id_nsx, id_lsp, tinh_trang) values ('Casio A168WEGB-1BDF - Nam kích thước 38.6x36.3 mm','0','2186000','10%','1967000','2019/05/02','2019','Thái Lan','Nhà máy Casio Chengmai- Thái Lan','Chất liệu mặt: Mặt nhựa Resin Loại dây: Hợp kim Thời gian sử dụng pin: Khoảng 2 năm Chống nước: 3 ATM - Rửa tay, đi mưa','Casio là một thương hiệu của Nhật Bản. Thành lập vào tháng 4 năm 1946. Casio là công ty thiết bị điện tử, nổi tiếng với các sản phẩm như đồng hồ, máy tính cầm tay, thiết bị âm thanh, nhạc cụ. Đồng hồ Casio thiết kế da dạng, độ bền cao với nhiều dòng khác nhau như G-shock, Baby-G,...đều có doanh số khổng lồ và rất phổ biến ở thị trường Việt Nam.','Tinh hoa của sự sáng tạo','Thương hiệu đồng hồ nổi tiếng đến từ Nhật Bản không ngừng cải tiến và cho ra mắt những dòng sản phẩm chất lượng phù hợp với nhiều đối tượng khách hàng. Những dòng sản phẩm nổi tiếng của Casio là: G-Shock với thiết kế mạnh mẽ cùng độ bền cao, Edifice thiết kế hiện đại cùng nhiều tính năng vượt trội, Sheen với thiết kế cổ điển và sang trọng,…','Phong cách thiết kế','Dành cho các bạn nam trẻ trung, năng động với kiểu dáng hiện đại. Đồng hồ nam Casio A168WEGB-1BDF đến từ thương hiệu Casio - Nhật Bản, nổi tiếng với những chiếc đồng hồ cao cấp, hợp thời trang.','Bền bỉ, chịu va đập tốt, hạn chế hư hỏng khi xảy ra va chạm','Mặt kính có độ trong suốt tốt, cứng cáp, hạn chế nứt vỡ hay trầy xước khi va chạm nhẹ. Khung viền đồng hồ Casio gia công chắc chắn, chịu lực tốt, chống thấm nước và mồ hôi. An tâm khi rửa tay hay đi dưới trời mưa nhỏ nhờ hệ số chống nước 3 ATM, không nên đeo đồng hồ nam khi tắm, lặn hay đi bơi. Đèn led chiếu sáng mạnh hỗ trợ xem giờ trong bóng tối. Trang bị chức năng báo thức trên đồng hồ Casio giúp bạn chủ động thời gian hơn. Giúp các bạn nam tập luyện thể thao tốt hơn với tính năng bấm giờ với độ chính xác 1/100 giây. Dây đeo bền bỉ, chịu được mọi thời tiết, có thể đánh bóng lại như mới khi bị xước xát nhẹ','casio-a168wegb-1bdf-nam-avatar-1-600x600.jpg','40','8','8','33','Còn hàng');
insert into san_pham(ten_san_pham, demo, gia_niem_yet, sale, gia_ban, ngay_cap_nhat, nam_san_xuat, xuat_xu, noi_san_xuat, thong_so_ky_thuat, gioi_thieu_chung, tieu_de_1, mo_ta_ct1, tieu_de_2, mo_ta_ct2, tieu_de_3, mo_ta_ct3, hinh_anh_1, so_luong, id_ncc, id_nsx, id_lsp, tinh_trang) values ('Casio MTD-1058-7AVDF - Nam đường kính 47.7 mm','0','2797000','30%','1967000','2019/05/02','2019','Thái Lan','Nhà máy Casio Chengmai- Thái Lan','Chất liệu mặt: Kính khoáng (Mineral) Loại dây: Nhựa Thời gian sử dụng pin: Khoảng 10 năm Chống nước: 10 ATM - Rửa tay, đi mưa, tắm, bơi','Casio là một thương hiệu của Nhật Bản. Thành lập vào tháng 4 năm 1946. Casio là công ty thiết bị điện tử, nổi tiếng với các sản phẩm như đồng hồ, máy tính cầm tay, thiết bị âm thanh, nhạc cụ. Đồng hồ Casio thiết kế da dạng, độ bền cao với nhiều dòng khác nhau như G-shock, Baby-G,...đều có doanh số khổng lồ và rất phổ biến ở thị trường Việt Nam.','Tinh hoa của sự sáng tạo','Thương hiệu đồng hồ nổi tiếng đến từ Nhật Bản không ngừng cải tiến và cho ra mắt những dòng sản phẩm chất lượng phù hợp với nhiều đối tượng khách hàng. Những dòng sản phẩm nổi tiếng của Casio là: G-Shock với thiết kế mạnh mẽ cùng độ bền cao, Edifice thiết kế hiện đại cùng nhiều tính năng vượt trội, Sheen với thiết kế cổ điển và sang trọng,…','Phong cách thiết kế','Kiểu dáng thời thượng và tinh tế thích hợp với mọi chàng trai nam tính, lịch lãm. Đồng hồ Casio MTD-1085-7AVDF là chiếc đồng hồ nam đến từ thương hiệu Casio nổi tiếng của Nhật Bản.','Bền bỉ, chịu va đập tốt, hạn chế hư hỏng khi xảy ra va chạm','Bộ khung đồng hồ chịu lực tốt, sáng bóng nhờ khả năng chống oxi hóa và ăn mòn hiệu quả. Mặt kính trong suốt, độ cứng cao, có thể đánh bóng lại như mới khi bị trầy xước nhẹ. Hệ số chống nước lên đến 10 ATM, bạn hoàn toàn yên tâm khi đi bơi, tắm và đi mưa, không nên đeo đồng hồ Casio nam khi đi lặn. Đồng hồ Casio trang bị tiện ích lịch thứ và lịch ngày giúp bạn nắm bắt nhiều thông tin thời gian hơn. Đồng hồ cài đặt 24 giờ giúp bạn thuận tiện hơn khi quan sát giờ. Dây đeo có độ bền cao, chất liệu dây nhẹ nhàng, không thấm nước, phù hợp với mọi kích thước cổ tay','casio-mtd-1085-7avdf-nam-avatar-1-600x600.jpg','40','8','8','33','Còn hàng');
insert into san_pham(ten_san_pham, demo, gia_niem_yet, sale, gia_ban, ngay_cap_nhat, nam_san_xuat, xuat_xu, noi_san_xuat, thong_so_ky_thuat, gioi_thieu_chung, tieu_de_1, mo_ta_ct1, tieu_de_2, mo_ta_ct2, tieu_de_3, mo_ta_ct3, hinh_anh_1, so_luong, id_ncc, id_nsx, id_lsp, tinh_trang) values ('Casio LTP-E135SG-7AVDF- Nam đường kính 38 mm','0','3032000','30%','2122000','2019/05/02','2019','Thái Lan','Nhà máy Casio Chengmai- Thái Lan','Chất liệu mặt: Kính khoáng (Mineral) Loại dây: Hợp kim Thời gian sử dụng pin: Khoảng 2 năm Chống nước: 3 ATM - Rửa tay, đi mưa, tắm','Casio là một thương hiệu của Nhật Bản. Thành lập vào tháng 4 năm 1946. Casio là công ty thiết bị điện tử, nổi tiếng với các sản phẩm như đồng hồ, máy tính cầm tay, thiết bị âm thanh, nhạc cụ. Đồng hồ Casio thiết kế da dạng, độ bền cao với nhiều dòng khác nhau như G-shock, Baby-G,...đều có doanh số khổng lồ và rất phổ biến ở thị trường Việt Nam.','Tinh hoa của sự sáng tạo','Thương hiệu đồng hồ nổi tiếng đến từ Nhật Bản không ngừng cải tiến và cho ra mắt những dòng sản phẩm chất lượng phù hợp với nhiều đối tượng khách hàng. Những dòng sản phẩm nổi tiếng của Casio là: G-Shock với thiết kế mạnh mẽ cùng độ bền cao, Edifice thiết kế hiện đại cùng nhiều tính năng vượt trội, Sheen với thiết kế cổ điển và sang trọng,…','Phong cách thiết kế','Sang trọng và tinh tế hướng đến mọi cô nàng thời thượng, hiện đại. Đến từ thương hiệu đồng hồ Casio nổi tiếng của Nhật Bản, đồng hồ Casio LTP-E135SG-7AVDF giúp bạn tự tin thể hiện phong cách thời trang của bản thân.','Bền bỉ, chịu va đập tốt, hạn chế hư hỏng khi xảy ra va chạm','Mặt kính đồng hồ có độ trong suốt tốt, cứng cáp, hạn chế trầy xước và nứt vỡ hiệu quả. Khung viền có độ bền tốt, chắc chắn, bảo vệ tốt các chi tiết bên trong khi xảy ra va chạm. Thoải mái tắm, rửa tay và đi mưa nhờ đồng hồ Casio nữ có hệ số chống nước 5 ATM, không nên đeo đồng hồ khi tham gia bơi lội. Đồng hồ trang bị mặt phụ giây thời trang và ấn tượng. Dây đồng hồ nữ bền bỉ, có khả năng chống oxi hóa cao, dễ dàng lau chùi khi bám bụi, có thể đánh bóng lại khi bị xước xát nhẹ','casio-ltp-e135sg-7avdf-nu-avatar-1-600x600.jpg','40','8','8','33','Còn hàng');